;PWL;TYPE;L2 English;L3 German;L4 French;L5 Swedish;L6 Danish;L7 Norwegian;L8 Finnish;L9 Italian;L9 Italian;L9 Italian;L9 Italian;L9 Italian;L9 Italian;;;;;;
PWL;;;;;;;;;;;;;;;;;;;;;
g_ACfg.Name;1;0;Name;Name;Name;Name;Name;Name;Name;Name;Name;Name;Name;Name;Name;Name;Name;Name;Name;Name;Name
g_ACfg.WaitTimeInlet;2;0;[T] WaitTimeInlet;[T] WaitTimeInlet;[T] WaitTimeInlet;[T] WaitTimeInlet;[T] WaitTimeInlet;[T] WaitTimeInlet;[T] WaitTimeInlet;[T] WaitTimeInlet;[T] WaitTimeInlet;[T] WaitTimeInlet;[T] WaitTimeInlet;[T] WaitTimeInlet;[T] WaitTimeInlet;[T] WaitTimeInlet;[T] WaitTimeInlet;[T] WaitTimeInlet;[T] WaitTimeInlet;[T] WaitTimeInlet;[T] WaitTimeInlet
g_ACfg.VacuumEnabled;3;0;[F] Vacuum Enable;[F] Vacuum Enable;[F] Vacuum Enable;[F] Vacuum Enable;[F] Vacuum Enable;[F] Vacuum Enable;[F] Vacuum Enable;[F] Vacuum Enable;[F] Vacuum Enable;[F] Vacuum Enable;[F] Vacuum Enable;[F] Vacuum Enable;[F] Vacuum Enable;[F] Vacuum Enable;[F] Vacuum Enable;[F] Vacuum Enable;[F] Vacuum Enable;[F] Vacuum Enable;[F] Vacuum Enable
g_ACfg.VacuumFlapDelayOn;4;0;[F] Vacuum Flap Delay On;[F] Vacuum Flap Delay On;[F] Vacuum Flap Delay On;[F] Vacuum Flap Delay On;[F] Vacuum Flap Delay On;[F] Vacuum Flap Delay On;[F] Vacuum Flap Delay On;[F] Vacuum Flap Delay On;[F] Vacuum Flap Delay On;[F] Vacuum Flap Delay On;[F] Vacuum Flap Delay On;[F] Vacuum Flap Delay On;[F] Vacuum Flap Delay On;[F] Vacuum Flap Delay On;[F] Vacuum Flap Delay On;[F] Vacuum Flap Delay On;[F] Vacuum Flap Delay On;[F] Vacuum Flap Delay On;[F] Vacuum Flap Delay On
g_ACfg.VacuumFlapDelayOff;5;0;[F] Vacuum Flap Delay Off;[F] Vacuum Flap Delay Off;[F] Vacuum Flap Delay Off;[F] Vacuum Flap Delay Off;[F] Vacuum Flap Delay Off;[F] Vacuum Flap Delay Off;[F] Vacuum Flap Delay Off;[F] Vacuum Flap Delay Off;[F] Vacuum Flap Delay Off;[F] Vacuum Flap Delay Off;[F] Vacuum Flap Delay Off;[F] Vacuum Flap Delay Off;[F] Vacuum Flap Delay Off;[F] Vacuum Flap Delay Off;[F] Vacuum Flap Delay Off;[F] Vacuum Flap Delay Off;[F] Vacuum Flap Delay Off;[F] Vacuum Flap Delay Off;[F] Vacuum Flap Delay Off
g_ACfg.SwingDelay;6;0;[T] SwingDelay;[T] SwingDelay;[T] SwingDelay;[T] SwingDelay;[T] SwingDelay;[T] SwingDelay;[T] SwingDelay;[T] SwingDelay;[T] SwingDelay;[T] SwingDelay;[T] SwingDelay;[T] SwingDelay;[T] SwingDelay;[T] SwingDelay;[T] SwingDelay;[T] SwingDelay;[T] SwingDelay;[T] SwingDelay;[T] SwingDelay
g_ACfg.TShirtBlowDelay[0];7;0;[T] TShirtBlowDelay[0];[T] TShirtBlowDelay[0];[T] TShirtBlowDelay[0];[T] TShirtBlowDelay[0];[T] TShirtBlowDelay[0];[T] TShirtBlowDelay[0];[T] TShirtBlowDelay[0];[T] TShirtBlowDelay[0];[T] TShirtBlowDelay[0];[T] TShirtBlowDelay[0];[T] TShirtBlowDelay[0];[T] TShirtBlowDelay[0];[T] TShirtBlowDelay[0];[T] TShirtBlowDelay[0];[T] TShirtBlowDelay[0];[T] TShirtBlowDelay[0];[T] TShirtBlowDelay[0];[T] TShirtBlowDelay[0];[T] TShirtBlowDelay[0]
g_ACfg.TShirtBlowDelay[1];8;0;[T] TShirtBlowDelay[1];[T] TShirtBlowDelay[1];[T] TShirtBlowDelay[1];[T] TShirtBlowDelay[1];[T] TShirtBlowDelay[1];[T] TShirtBlowDelay[1];[T] TShirtBlowDelay[1];[T] TShirtBlowDelay[1];[T] TShirtBlowDelay[1];[T] TShirtBlowDelay[1];[T] TShirtBlowDelay[1];[T] TShirtBlowDelay[1];[T] TShirtBlowDelay[1];[T] TShirtBlowDelay[1];[T] TShirtBlowDelay[1];[T] TShirtBlowDelay[1];[T] TShirtBlowDelay[1];[T] TShirtBlowDelay[1];[T] TShirtBlowDelay[1]
g_ACfg.TShirtBlowOnTime[0];9;0;[T] TShirtBlowOnTime[0];[T] TShirtBlowOnTime[0];[T] TShirtBlowOnTime[0];[T] TShirtBlowOnTime[0];[T] TShirtBlowOnTime[0];[T] TShirtBlowOnTime[0];[T] TShirtBlowOnTime[0];[T] TShirtBlowOnTime[0];[T] TShirtBlowOnTime[0];[T] TShirtBlowOnTime[0];[T] TShirtBlowOnTime[0];[T] TShirtBlowOnTime[0];[T] TShirtBlowOnTime[0];[T] TShirtBlowOnTime[0];[T] TShirtBlowOnTime[0];[T] TShirtBlowOnTime[0];[T] TShirtBlowOnTime[0];[T] TShirtBlowOnTime[0];[T] TShirtBlowOnTime[0]
g_ACfg.TShirtBlowOnTime[1];10;0;[T] TShirtBlowOnTime[1];[T] TShirtBlowOnTime[1];[T] TShirtBlowOnTime[1];[T] TShirtBlowOnTime[1];[T] TShirtBlowOnTime[1];[T] TShirtBlowOnTime[1];[T] TShirtBlowOnTime[1];[T] TShirtBlowOnTime[1];[T] TShirtBlowOnTime[1];[T] TShirtBlowOnTime[1];[T] TShirtBlowOnTime[1];[T] TShirtBlowOnTime[1];[T] TShirtBlowOnTime[1];[T] TShirtBlowOnTime[1];[T] TShirtBlowOnTime[1];[T] TShirtBlowOnTime[1];[T] TShirtBlowOnTime[1];[T] TShirtBlowOnTime[1];[T] TShirtBlowOnTime[1]
g_ACfg.ArmBlowDelay[0];11;0;[T] ArmBlowDelay[0];[T] ArmBlowDelay[0];[T] ArmBlowDelay[0];[T] ArmBlowDelay[0];[T] ArmBlowDelay[0];[T] ArmBlowDelay[0];[T] ArmBlowDelay[0];[T] ArmBlowDelay[0];[T] ArmBlowDelay[0];[T] ArmBlowDelay[0];[T] ArmBlowDelay[0];[T] ArmBlowDelay[0];[T] ArmBlowDelay[0];[T] ArmBlowDelay[0];[T] ArmBlowDelay[0];[T] ArmBlowDelay[0];[T] ArmBlowDelay[0];[T] ArmBlowDelay[0];[T] ArmBlowDelay[0]
g_ACfg.ArmBlowDelay[1];12;0;[T] ArmBlowDelay[1];[T] ArmBlowDelay[1];[T] ArmBlowDelay[1];[T] ArmBlowDelay[1];[T] ArmBlowDelay[1];[T] ArmBlowDelay[1];[T] ArmBlowDelay[1];[T] ArmBlowDelay[1];[T] ArmBlowDelay[1];[T] ArmBlowDelay[1];[T] ArmBlowDelay[1];[T] ArmBlowDelay[1];[T] ArmBlowDelay[1];[T] ArmBlowDelay[1];[T] ArmBlowDelay[1];[T] ArmBlowDelay[1];[T] ArmBlowDelay[1];[T] ArmBlowDelay[1];[T] ArmBlowDelay[1]
g_ACfg.ArmBlowOnTime[0];13;0;[T] ArmBlowOnTime[0];[T] ArmBlowOnTime[0];[T] ArmBlowOnTime[0];[T] ArmBlowOnTime[0];[T] ArmBlowOnTime[0];[T] ArmBlowOnTime[0];[T] ArmBlowOnTime[0];[T] ArmBlowOnTime[0];[T] ArmBlowOnTime[0];[T] ArmBlowOnTime[0];[T] ArmBlowOnTime[0];[T] ArmBlowOnTime[0];[T] ArmBlowOnTime[0];[T] ArmBlowOnTime[0];[T] ArmBlowOnTime[0];[T] ArmBlowOnTime[0];[T] ArmBlowOnTime[0];[T] ArmBlowOnTime[0];[T] ArmBlowOnTime[0]
g_ACfg.ArmBlowOnTime[1];14;0;[T] ArmBlowOnTime[1];[T] ArmBlowOnTime[1];[T] ArmBlowOnTime[1];[T] ArmBlowOnTime[1];[T] ArmBlowOnTime[1];[T] ArmBlowOnTime[1];[T] ArmBlowOnTime[1];[T] ArmBlowOnTime[1];[T] ArmBlowOnTime[1];[T] ArmBlowOnTime[1];[T] ArmBlowOnTime[1];[T] ArmBlowOnTime[1];[T] ArmBlowOnTime[1];[T] ArmBlowOnTime[1];[T] ArmBlowOnTime[1];[T] ArmBlowOnTime[1];[T] ArmBlowOnTime[1];[T] ArmBlowOnTime[1];[T] ArmBlowOnTime[1]
g_ACfg.InFeedBeltStartDelay;15;0;[T] InFeedBeltStartDelay;[T] InFeedBeltStartDelay;[T] InFeedBeltStartDelay;[T] InFeedBeltStartDelay;[T] InFeedBeltStartDelay;[T] InFeedBeltStartDelay;[T] InFeedBeltStartDelay;[T] InFeedBeltStartDelay;[T] InFeedBeltStartDelay;[T] InFeedBeltStartDelay;[T] InFeedBeltStartDelay;[T] InFeedBeltStartDelay;[T] InFeedBeltStartDelay;[T] InFeedBeltStartDelay;[T] InFeedBeltStartDelay;[T] InFeedBeltStartDelay;[T] InFeedBeltStartDelay;[T] InFeedBeltStartDelay;[T] InFeedBeltStartDelay
g_ACfg.InFeedBeltOnTime;16;0;[T] InFeedBeltOnTime;[T] InFeedBeltOnTime;[T] InFeedBeltOnTime;[T] InFeedBeltOnTime;[T] InFeedBeltOnTime;[T] InFeedBeltOnTime;[T] InFeedBeltOnTime;[T] InFeedBeltOnTime;[T] InFeedBeltOnTime;[T] InFeedBeltOnTime;[T] InFeedBeltOnTime;[T] InFeedBeltOnTime;[T] InFeedBeltOnTime;[T] InFeedBeltOnTime;[T] InFeedBeltOnTime;[T] InFeedBeltOnTime;[T] InFeedBeltOnTime;[T] InFeedBeltOnTime;[T] InFeedBeltOnTime
g_ACfg.InFeedBeltStopDelay;17;0;[T] InFeedBeltStopDelay;[T] InFeedBeltStopDelay;[T] InFeedBeltStopDelay;[T] InFeedBeltStopDelay;[T] InFeedBeltStopDelay;[T] InFeedBeltStopDelay;[T] InFeedBeltStopDelay;[T] InFeedBeltStopDelay;[T] InFeedBeltStopDelay;[T] InFeedBeltStopDelay;[T] InFeedBeltStopDelay;[T] InFeedBeltStopDelay;[T] InFeedBeltStopDelay;[T] InFeedBeltStopDelay;[T] InFeedBeltStopDelay;[T] InFeedBeltStopDelay;[T] InFeedBeltStopDelay;[T] InFeedBeltStopDelay;[T] InFeedBeltStopDelay
g_ACfg.InFeedBeltStopTime;18;0;[T] InFeedBeltStopTime;[T] InFeedBeltStopTime;[T] InFeedBeltStopTime;[T] InFeedBeltStopTime;[T] InFeedBeltStopTime;[T] InFeedBeltStopTime;[T] InFeedBeltStopTime;[T] InFeedBeltStopTime;[T] InFeedBeltStopTime;[T] InFeedBeltStopTime;[T] InFeedBeltStopTime;[T] InFeedBeltStopTime;[T] InFeedBeltStopTime;[T] InFeedBeltStopTime;[T] InFeedBeltStopTime;[T] InFeedBeltStopTime;[T] InFeedBeltStopTime;[T] InFeedBeltStopTime;[T] InFeedBeltStopTime
g_ACfg.InFeedStopOnTrousers;19;0;[T] InFeedStopOnTrousers;[T] InFeedStopOnTrousers;[T] InFeedStopOnTrousers;[T] InFeedStopOnTrousers;[T] InFeedStopOnTrousers;[T] InFeedStopOnTrousers;[T] InFeedStopOnTrousers;[T] InFeedStopOnTrousers;[T] InFeedStopOnTrousers;[T] InFeedStopOnTrousers;[T] InFeedStopOnTrousers;[T] InFeedStopOnTrousers;[T] InFeedStopOnTrousers;[T] InFeedStopOnTrousers;[T] InFeedStopOnTrousers;[T] InFeedStopOnTrousers;[T] InFeedStopOnTrousers;[T] InFeedStopOnTrousers;[T] InFeedStopOnTrousers
g_ACfg.HangerBeltQuickStart;20;0;[F] HangerBeltQuickStart;[F] HangerBeltQuickStart;[F] HangerBeltQuickStart;[F] HangerBeltQuickStart;[F] HangerBeltQuickStart;[F] HangerBeltQuickStart;[F] HangerBeltQuickStart;[F] HangerBeltQuickStart;[F] HangerBeltQuickStart;[F] HangerBeltQuickStart;[F] HangerBeltQuickStart;[F] HangerBeltQuickStart;[F] HangerBeltQuickStart;[F] HangerBeltQuickStart;[F] HangerBeltQuickStart;[F] HangerBeltQuickStart;[F] HangerBeltQuickStart;[F] HangerBeltQuickStart;[F] HangerBeltQuickStart
g_ACfg.DeloaderDwPos;21;0;[T] DeloaderDwPos;[T] DeloaderDwPos;[T] DeloaderDwPos;[T] DeloaderDwPos;[T] DeloaderDwPos;[T] DeloaderDwPos;[T] DeloaderDwPos;[T] DeloaderDwPos;[T] DeloaderDwPos;[T] DeloaderDwPos;[T] DeloaderDwPos;[T] DeloaderDwPos;[T] DeloaderDwPos;[T] DeloaderDwPos;[T] DeloaderDwPos;[T] DeloaderDwPos;[T] DeloaderDwPos;[T] DeloaderDwPos;[T] DeloaderDwPos
g_ACfg.DeloaderSpeedUpPct;22;0;[T] DeloaderSpeedUpPct;[T] DeloaderSpeedUpPct;[T] DeloaderSpeedUpPct;[T] DeloaderSpeedUpPct;[T] DeloaderSpeedUpPct;[T] DeloaderSpeedUpPct;[T] DeloaderSpeedUpPct;[T] DeloaderSpeedUpPct;[T] DeloaderSpeedUpPct;[T] DeloaderSpeedUpPct;[T] DeloaderSpeedUpPct;[T] DeloaderSpeedUpPct;[T] DeloaderSpeedUpPct;[T] DeloaderSpeedUpPct;[T] DeloaderSpeedUpPct;[T] DeloaderSpeedUpPct;[T] DeloaderSpeedUpPct;[T] DeloaderSpeedUpPct;[T] DeloaderSpeedUpPct
g_ACfg.DeloaderAccUpPct;23;0;[T] DeloaderAccUpPct;[T] DeloaderAccUpPct;[T] DeloaderAccUpPct;[T] DeloaderAccUpPct;[T] DeloaderAccUpPct;[T] DeloaderAccUpPct;[T] DeloaderAccUpPct;[T] DeloaderAccUpPct;[T] DeloaderAccUpPct;[T] DeloaderAccUpPct;[T] DeloaderAccUpPct;[T] DeloaderAccUpPct;[T] DeloaderAccUpPct;[T] DeloaderAccUpPct;[T] DeloaderAccUpPct;[T] DeloaderAccUpPct;[T] DeloaderAccUpPct;[T] DeloaderAccUpPct;[T] DeloaderAccUpPct
g_ACfg.SpeedHzHangerBelt;24;0;[T] SpeedHzHangerBelt;[T] SpeedHzHangerBelt;[T] SpeedHzHangerBelt;[T] SpeedHzHangerBelt;[T] SpeedHzHangerBelt;[T] SpeedHzHangerBelt;[T] SpeedHzHangerBelt;[T] SpeedHzHangerBelt;[T] SpeedHzHangerBelt;[T] SpeedHzHangerBelt;[T] SpeedHzHangerBelt;[T] SpeedHzHangerBelt;[T] SpeedHzHangerBelt;[T] SpeedHzHangerBelt;[T] SpeedHzHangerBelt;[T] SpeedHzHangerBelt;[T] SpeedHzHangerBelt;[T] SpeedHzHangerBelt;[T] SpeedHzHangerBelt
g_ACfg.SpeedSlowHangerBeltDeloader;25;0;[T] SpeedSlowHangerBeltDeloader;[T] SpeedSlowHangerBeltDeloader;[T] SpeedSlowHangerBeltDeloader;[T] SpeedSlowHangerBeltDeloader;[T] SpeedSlowHangerBeltDeloader;[T] SpeedSlowHangerBeltDeloader;[T] SpeedSlowHangerBeltDeloader;[T] SpeedSlowHangerBeltDeloader;[T] SpeedSlowHangerBeltDeloader;[T] SpeedSlowHangerBeltDeloader;[T] SpeedSlowHangerBeltDeloader;[T] SpeedSlowHangerBeltDeloader;[T] SpeedSlowHangerBeltDeloader;[T] SpeedSlowHangerBeltDeloader;[T] SpeedSlowHangerBeltDeloader;[T] SpeedSlowHangerBeltDeloader;[T] SpeedSlowHangerBeltDeloader;[T] SpeedSlowHangerBeltDeloader;[T] SpeedSlowHangerBeltDeloader
g_ACfg.DelayTrouserBlast;26;0;[T] DelayTrouserBlast;[T] DelayTrouserBlast;[T] DelayTrouserBlast;[T] DelayTrouserBlast;[T] DelayTrouserBlast;[T] DelayTrouserBlast;[T] DelayTrouserBlast;[T] DelayTrouserBlast;[T] DelayTrouserBlast;[T] DelayTrouserBlast;[T] DelayTrouserBlast;[T] DelayTrouserBlast;[T] DelayTrouserBlast;[T] DelayTrouserBlast;[T] DelayTrouserBlast;[T] DelayTrouserBlast;[T] DelayTrouserBlast;[T] DelayTrouserBlast;[T] DelayTrouserBlast
g_ACfg.DeloaderHeavyGarment;27;0;[F] DeloaderHeavyGarment;[F] DeloaderHeavyGarment;[F] DeloaderHeavyGarment;[F] DeloaderHeavyGarment;[F] DeloaderHeavyGarment;[F] DeloaderHeavyGarment;[F] DeloaderHeavyGarment;[F] DeloaderHeavyGarment;[F] DeloaderHeavyGarment;[F] DeloaderHeavyGarment;[F] DeloaderHeavyGarment;[F] DeloaderHeavyGarment;[F] DeloaderHeavyGarment;[F] DeloaderHeavyGarment;[F] DeloaderHeavyGarment;[F] DeloaderHeavyGarment;[F] DeloaderHeavyGarment;[F] DeloaderHeavyGarment;[F] DeloaderHeavyGarment
g_ACfg.OnTimeTrouserBlast;28;0;[T] OnTimeTrouserBlast;[T] OnTimeTrouserBlast;[T] OnTimeTrouserBlast;[T] OnTimeTrouserBlast;[T] OnTimeTrouserBlast;[T] OnTimeTrouserBlast;[T] OnTimeTrouserBlast;[T] OnTimeTrouserBlast;[T] OnTimeTrouserBlast;[T] OnTimeTrouserBlast;[T] OnTimeTrouserBlast;[T] OnTimeTrouserBlast;[T] OnTimeTrouserBlast;[T] OnTimeTrouserBlast;[T] OnTimeTrouserBlast;[T] OnTimeTrouserBlast;[T] OnTimeTrouserBlast;[T] OnTimeTrouserBlast;[T] OnTimeTrouserBlast
g_ACfg.TrouserBlowPoint;29;0;[T] TrouserBlowPoint;[T] TrouserBlowPoint;[T] TrouserBlowPoint;[T] TrouserBlowPoint;[T] TrouserBlowPoint;[T] TrouserBlowPoint;[T] TrouserBlowPoint;[T] TrouserBlowPoint;[T] TrouserBlowPoint;[T] TrouserBlowPoint;[T] TrouserBlowPoint;[T] TrouserBlowPoint;[T] TrouserBlowPoint;[T] TrouserBlowPoint;[T] TrouserBlowPoint;[T] TrouserBlowPoint;[T] TrouserBlowPoint;[T] TrouserBlowPoint;[T] TrouserBlowPoint
g_ACfg.PhTrousers.TwoVerticalRear;30;0;[F] PhTrousers.TwoVerticalRear;[F] PhTrousers.TwoVerticalRear;[F] PhTrousers.TwoVerticalRear;[F] PhTrousers.TwoVerticalRear;[F] PhTrousers.TwoVerticalRear;[F] PhTrousers.TwoVerticalRear;[F] PhTrousers.TwoVerticalRear;[F] PhTrousers.TwoVerticalRear;[F] PhTrousers.TwoVerticalRear;[F] PhTrousers.TwoVerticalRear;[F] PhTrousers.TwoVerticalRear;[F] PhTrousers.TwoVerticalRear;[F] PhTrousers.TwoVerticalRear;[F] PhTrousers.TwoVerticalRear;[F] PhTrousers.TwoVerticalRear;[F] PhTrousers.TwoVerticalRear;[F] PhTrousers.TwoVerticalRear;[F] PhTrousers.TwoVerticalRear;[F] PhTrousers.TwoVerticalRear
g_ACfg.PhTrousers.UseHorizontalLead;31;0;[F] PhTrousers.UseHorizontalLead;[F] PhTrousers.UseHorizontalLead;[F] PhTrousers.UseHorizontalLead;[F] PhTrousers.UseHorizontalLead;[F] PhTrousers.UseHorizontalLead;[F] PhTrousers.UseHorizontalLead;[F] PhTrousers.UseHorizontalLead;[F] PhTrousers.UseHorizontalLead;[F] PhTrousers.UseHorizontalLead;[F] PhTrousers.UseHorizontalLead;[F] PhTrousers.UseHorizontalLead;[F] PhTrousers.UseHorizontalLead;[F] PhTrousers.UseHorizontalLead;[F] PhTrousers.UseHorizontalLead;[F] PhTrousers.UseHorizontalLead;[F] PhTrousers.UseHorizontalLead;[F] PhTrousers.UseHorizontalLead;[F] PhTrousers.UseHorizontalLead;[F] PhTrousers.UseHorizontalLead
g_ACfg.PhTrousers.UseHorizontalRear;32;0;[F] PhTrousers.UseHorizontalRear;[F] PhTrousers.UseHorizontalRear;[F] PhTrousers.UseHorizontalRear;[F] PhTrousers.UseHorizontalRear;[F] PhTrousers.UseHorizontalRear;[F] PhTrousers.UseHorizontalRear;[F] PhTrousers.UseHorizontalRear;[F] PhTrousers.UseHorizontalRear;[F] PhTrousers.UseHorizontalRear;[F] PhTrousers.UseHorizontalRear;[F] PhTrousers.UseHorizontalRear;[F] PhTrousers.UseHorizontalRear;[F] PhTrousers.UseHorizontalRear;[F] PhTrousers.UseHorizontalRear;[F] PhTrousers.UseHorizontalRear;[F] PhTrousers.UseHorizontalRear;[F] PhTrousers.UseHorizontalRear;[F] PhTrousers.UseHorizontalRear;[F] PhTrousers.UseHorizontalRear
g_ACfg.PhShirt.TwoVerticalRear;33;0;[F] PhShirt.TwoVerticalRear;[F] PhShirt.TwoVerticalRear;[F] PhShirt.TwoVerticalRear;[F] PhShirt.TwoVerticalRear;[F] PhShirt.TwoVerticalRear;[F] PhShirt.TwoVerticalRear;[F] PhShirt.TwoVerticalRear;[F] PhShirt.TwoVerticalRear;[F] PhShirt.TwoVerticalRear;[F] PhShirt.TwoVerticalRear;[F] PhShirt.TwoVerticalRear;[F] PhShirt.TwoVerticalRear;[F] PhShirt.TwoVerticalRear;[F] PhShirt.TwoVerticalRear;[F] PhShirt.TwoVerticalRear;[F] PhShirt.TwoVerticalRear;[F] PhShirt.TwoVerticalRear;[F] PhShirt.TwoVerticalRear;[F] PhShirt.TwoVerticalRear
g_ACfg.PhShirt.UseHorizontalLead;34;0;[F] PhShirt.UseHorizontalLead;[F] PhShirt.UseHorizontalLead;[F] PhShirt.UseHorizontalLead;[F] PhShirt.UseHorizontalLead;[F] PhShirt.UseHorizontalLead;[F] PhShirt.UseHorizontalLead;[F] PhShirt.UseHorizontalLead;[F] PhShirt.UseHorizontalLead;[F] PhShirt.UseHorizontalLead;[F] PhShirt.UseHorizontalLead;[F] PhShirt.UseHorizontalLead;[F] PhShirt.UseHorizontalLead;[F] PhShirt.UseHorizontalLead;[F] PhShirt.UseHorizontalLead;[F] PhShirt.UseHorizontalLead;[F] PhShirt.UseHorizontalLead;[F] PhShirt.UseHorizontalLead;[F] PhShirt.UseHorizontalLead;[F] PhShirt.UseHorizontalLead
g_ACfg.PhShirt.UseHorizontalRear;35;0;[F] PhShirt.UseHorizontalRear;[F] PhShirt.UseHorizontalRear;[F] PhShirt.UseHorizontalRear;[F] PhShirt.UseHorizontalRear;[F] PhShirt.UseHorizontalRear;[F] PhShirt.UseHorizontalRear;[F] PhShirt.UseHorizontalRear;[F] PhShirt.UseHorizontalRear;[F] PhShirt.UseHorizontalRear;[F] PhShirt.UseHorizontalRear;[F] PhShirt.UseHorizontalRear;[F] PhShirt.UseHorizontalRear;[F] PhShirt.UseHorizontalRear;[F] PhShirt.UseHorizontalRear;[F] PhShirt.UseHorizontalRear;[F] PhShirt.UseHorizontalRear;[F] PhShirt.UseHorizontalRear;[F] PhShirt.UseHorizontalRear;[F] PhShirt.UseHorizontalRear
g_ACfg.PhFlapTrousers.TwoVerticalRear;36;0;[F] PhFlapTrousers.TwoVerticalRear;[F] PhFlapTrousers.TwoVerticalRear;[F] PhFlapTrousers.TwoVerticalRear;[F] PhFlapTrousers.TwoVerticalRear;[F] PhFlapTrousers.TwoVerticalRear;[F] PhFlapTrousers.TwoVerticalRear;[F] PhFlapTrousers.TwoVerticalRear;[F] PhFlapTrousers.TwoVerticalRear;[F] PhFlapTrousers.TwoVerticalRear;[F] PhFlapTrousers.TwoVerticalRear;[F] PhFlapTrousers.TwoVerticalRear;[F] PhFlapTrousers.TwoVerticalRear;[F] PhFlapTrousers.TwoVerticalRear;[F] PhFlapTrousers.TwoVerticalRear;[F] PhFlapTrousers.TwoVerticalRear;[F] PhFlapTrousers.TwoVerticalRear;[F] PhFlapTrousers.TwoVerticalRear;[F] PhFlapTrousers.TwoVerticalRear;[F] PhFlapTrousers.TwoVerticalRear
g_ACfg.PhFlapTrousers.UseHorizontalLead;37;0;[F] PhFlapTrousers.UseHorizontalLead;[F] PhFlapTrousers.UseHorizontalLead;[F] PhFlapTrousers.UseHorizontalLead;[F] PhFlapTrousers.UseHorizontalLead;[F] PhFlapTrousers.UseHorizontalLead;[F] PhFlapTrousers.UseHorizontalLead;[F] PhFlapTrousers.UseHorizontalLead;[F] PhFlapTrousers.UseHorizontalLead;[F] PhFlapTrousers.UseHorizontalLead;[F] PhFlapTrousers.UseHorizontalLead;[F] PhFlapTrousers.UseHorizontalLead;[F] PhFlapTrousers.UseHorizontalLead;[F] PhFlapTrousers.UseHorizontalLead;[F] PhFlapTrousers.UseHorizontalLead;[F] PhFlapTrousers.UseHorizontalLead;[F] PhFlapTrousers.UseHorizontalLead;[F] PhFlapTrousers.UseHorizontalLead;[F] PhFlapTrousers.UseHorizontalLead;[F] PhFlapTrousers.UseHorizontalLead
g_ACfg.PhFlapTrousers.UseHorizontalRear;38;0;[F] PhFlapTrousers.UseHorizontalRear;[F] PhFlapTrousers.UseHorizontalRear;[F] PhFlapTrousers.UseHorizontalRear;[F] PhFlapTrousers.UseHorizontalRear;[F] PhFlapTrousers.UseHorizontalRear;[F] PhFlapTrousers.UseHorizontalRear;[F] PhFlapTrousers.UseHorizontalRear;[F] PhFlapTrousers.UseHorizontalRear;[F] PhFlapTrousers.UseHorizontalRear;[F] PhFlapTrousers.UseHorizontalRear;[F] PhFlapTrousers.UseHorizontalRear;[F] PhFlapTrousers.UseHorizontalRear;[F] PhFlapTrousers.UseHorizontalRear;[F] PhFlapTrousers.UseHorizontalRear;[F] PhFlapTrousers.UseHorizontalRear;[F] PhFlapTrousers.UseHorizontalRear;[F] PhFlapTrousers.UseHorizontalRear;[F] PhFlapTrousers.UseHorizontalRear;[F] PhFlapTrousers.UseHorizontalRear
g_ACfg.BypassLateralBlades;39;0;[T] BypassLateralBlades;[T] BypassLateralBlades;[T] BypassLateralBlades;[T] BypassLateralBlades;[T] BypassLateralBlades;[T] BypassLateralBlades;[T] BypassLateralBlades;[T] BypassLateralBlades;[T] BypassLateralBlades;[T] BypassLateralBlades;[T] BypassLateralBlades;[T] BypassLateralBlades;[T] BypassLateralBlades;[T] BypassLateralBlades;[T] BypassLateralBlades;[T] BypassLateralBlades;[T] BypassLateralBlades;[T] BypassLateralBlades;[T] BypassLateralBlades
g_ACfg.TrouserAlignment;40;0;[F] TrouserAlignment;[F] TrouserAlignment;[F] TrouserAlignment;[F] TrouserAlignment;[F] TrouserAlignment;[F] TrouserAlignment;[F] TrouserAlignment;[F] TrouserAlignment;[F] TrouserAlignment;[F] TrouserAlignment;[F] TrouserAlignment;[F] TrouserAlignment;[F] TrouserAlignment;[F] TrouserAlignment;[F] TrouserAlignment;[F] TrouserAlignment;[F] TrouserAlignment;[F] TrouserAlignment;[F] TrouserAlignment
g_ACfg.ForceTrouser;41;0;[T] ForceTrouser;[T] ForceTrouser;[T] ForceTrouser;[T] ForceTrouser;[T] ForceTrouser;[T] ForceTrouser;[T] ForceTrouser;[T] ForceTrouser;[T] ForceTrouser;[T] ForceTrouser;[T] ForceTrouser;[T] ForceTrouser;[T] ForceTrouser;[T] ForceTrouser;[T] ForceTrouser;[T] ForceTrouser;[T] ForceTrouser;[T] ForceTrouser;[T] ForceTrouser
g_ACfg.Categorys[0];42;0;[T] Categorys[0];[T] Categorys[0];[T] Categorys[0];[T] Categorys[0];[T] Categorys[0];[T] Categorys[0];[T] Categorys[0];[T] Categorys[0];[T] Categorys[0];[T] Categorys[0];[T] Categorys[0];[T] Categorys[0];[T] Categorys[0];[T] Categorys[0];[T] Categorys[0];[T] Categorys[0];[T] Categorys[0];[T] Categorys[0];[T] Categorys[0]
g_ACfg.Categorys[1];43;0;[T] Categorys[1];[T] Categorys[1];[T] Categorys[1];[T] Categorys[1];[T] Categorys[1];[T] Categorys[1];[T] Categorys[1];[T] Categorys[1];[T] Categorys[1];[T] Categorys[1];[T] Categorys[1];[T] Categorys[1];[T] Categorys[1];[T] Categorys[1];[T] Categorys[1];[T] Categorys[1];[T] Categorys[1];[T] Categorys[1];[T] Categorys[1]
g_ACfg.Categorys[2];44;0;[T] Categorys[2];[T] Categorys[2];[T] Categorys[2];[T] Categorys[2];[T] Categorys[2];[T] Categorys[2];[T] Categorys[2];[T] Categorys[2];[T] Categorys[2];[T] Categorys[2];[T] Categorys[2];[T] Categorys[2];[T] Categorys[2];[T] Categorys[2];[T] Categorys[2];[T] Categorys[2];[T] Categorys[2];[T] Categorys[2];[T] Categorys[2]
g_ACfg.Categorys[3];45;0;[T] Categorys[3];[T] Categorys[3];[T] Categorys[3];[T] Categorys[3];[T] Categorys[3];[T] Categorys[3];[T] Categorys[3];[T] Categorys[3];[T] Categorys[3];[T] Categorys[3];[T] Categorys[3];[T] Categorys[3];[T] Categorys[3];[T] Categorys[3];[T] Categorys[3];[T] Categorys[3];[T] Categorys[3];[T] Categorys[3];[T] Categorys[3]
g_ACfg.Categorys[4];46;0;[T] Categorys[4];[T] Categorys[4];[T] Categorys[4];[T] Categorys[4];[T] Categorys[4];[T] Categorys[4];[T] Categorys[4];[T] Categorys[4];[T] Categorys[4];[T] Categorys[4];[T] Categorys[4];[T] Categorys[4];[T] Categorys[4];[T] Categorys[4];[T] Categorys[4];[T] Categorys[4];[T] Categorys[4];[T] Categorys[4];[T] Categorys[4]
g_ACfg.Categorys[5];47;0;[T] Categorys[5];[T] Categorys[5];[T] Categorys[5];[T] Categorys[5];[T] Categorys[5];[T] Categorys[5];[T] Categorys[5];[T] Categorys[5];[T] Categorys[5];[T] Categorys[5];[T] Categorys[5];[T] Categorys[5];[T] Categorys[5];[T] Categorys[5];[T] Categorys[5];[T] Categorys[5];[T] Categorys[5];[T] Categorys[5];[T] Categorys[5]
g_ACfg.Categorys[6];48;0;[T] Categorys[6];[T] Categorys[6];[T] Categorys[6];[T] Categorys[6];[T] Categorys[6];[T] Categorys[6];[T] Categorys[6];[T] Categorys[6];[T] Categorys[6];[T] Categorys[6];[T] Categorys[6];[T] Categorys[6];[T] Categorys[6];[T] Categorys[6];[T] Categorys[6];[T] Categorys[6];[T] Categorys[6];[T] Categorys[6];[T] Categorys[6]
g_ACfg.LenghtPoints[0];49;0;[T] LenghtPoints[0];[T] LenghtPoints[0];[T] LenghtPoints[0];[T] LenghtPoints[0];[T] LenghtPoints[0];[T] LenghtPoints[0];[T] LenghtPoints[0];[T] LenghtPoints[0];[T] LenghtPoints[0];[T] LenghtPoints[0];[T] LenghtPoints[0];[T] LenghtPoints[0];[T] LenghtPoints[0];[T] LenghtPoints[0];[T] LenghtPoints[0];[T] LenghtPoints[0];[T] LenghtPoints[0];[T] LenghtPoints[0];[T] LenghtPoints[0]
g_ACfg.LenghtPoints[1];50;0;[T] LenghtPoints[1];[T] LenghtPoints[1];[T] LenghtPoints[1];[T] LenghtPoints[1];[T] LenghtPoints[1];[T] LenghtPoints[1];[T] LenghtPoints[1];[T] LenghtPoints[1];[T] LenghtPoints[1];[T] LenghtPoints[1];[T] LenghtPoints[1];[T] LenghtPoints[1];[T] LenghtPoints[1];[T] LenghtPoints[1];[T] LenghtPoints[1];[T] LenghtPoints[1];[T] LenghtPoints[1];[T] LenghtPoints[1];[T] LenghtPoints[1]
g_ACfg.LenghtPoints[2];51;0;[T] LenghtPoints[2];[T] LenghtPoints[2];[T] LenghtPoints[2];[T] LenghtPoints[2];[T] LenghtPoints[2];[T] LenghtPoints[2];[T] LenghtPoints[2];[T] LenghtPoints[2];[T] LenghtPoints[2];[T] LenghtPoints[2];[T] LenghtPoints[2];[T] LenghtPoints[2];[T] LenghtPoints[2];[T] LenghtPoints[2];[T] LenghtPoints[2];[T] LenghtPoints[2];[T] LenghtPoints[2];[T] LenghtPoints[2];[T] LenghtPoints[2]
g_ACfg.LenghtPoints[3];52;0;[T] LenghtPoints[3];[T] LenghtPoints[3];[T] LenghtPoints[3];[T] LenghtPoints[3];[T] LenghtPoints[3];[T] LenghtPoints[3];[T] LenghtPoints[3];[T] LenghtPoints[3];[T] LenghtPoints[3];[T] LenghtPoints[3];[T] LenghtPoints[3];[T] LenghtPoints[3];[T] LenghtPoints[3];[T] LenghtPoints[3];[T] LenghtPoints[3];[T] LenghtPoints[3];[T] LenghtPoints[3];[T] LenghtPoints[3];[T] LenghtPoints[3]
g_ACfg.LenghtPoints[4];53;0;[T] LenghtPoints[4];[T] LenghtPoints[4];[T] LenghtPoints[4];[T] LenghtPoints[4];[T] LenghtPoints[4];[T] LenghtPoints[4];[T] LenghtPoints[4];[T] LenghtPoints[4];[T] LenghtPoints[4];[T] LenghtPoints[4];[T] LenghtPoints[4];[T] LenghtPoints[4];[T] LenghtPoints[4];[T] LenghtPoints[4];[T] LenghtPoints[4];[T] LenghtPoints[4];[T] LenghtPoints[4];[T] LenghtPoints[4];[T] LenghtPoints[4]
g_ACfg.LenghtPoints[5];54;0;[T] LenghtPoints[5];[T] LenghtPoints[5];[T] LenghtPoints[5];[T] LenghtPoints[5];[T] LenghtPoints[5];[T] LenghtPoints[5];[T] LenghtPoints[5];[T] LenghtPoints[5];[T] LenghtPoints[5];[T] LenghtPoints[5];[T] LenghtPoints[5];[T] LenghtPoints[5];[T] LenghtPoints[5];[T] LenghtPoints[5];[T] LenghtPoints[5];[T] LenghtPoints[5];[T] LenghtPoints[5];[T] LenghtPoints[5];[T] LenghtPoints[5]
g_ACfg.LenghtPoints[6];55;0;[T] LenghtPoints[6];[T] LenghtPoints[6];[T] LenghtPoints[6];[T] LenghtPoints[6];[T] LenghtPoints[6];[T] LenghtPoints[6];[T] LenghtPoints[6];[T] LenghtPoints[6];[T] LenghtPoints[6];[T] LenghtPoints[6];[T] LenghtPoints[6];[T] LenghtPoints[6];[T] LenghtPoints[6];[T] LenghtPoints[6];[T] LenghtPoints[6];[T] LenghtPoints[6];[T] LenghtPoints[6];[T] LenghtPoints[6];[T] LenghtPoints[6]
g_ACfg.Trouser[0];56;0;[T] Trouser[0];[T] Trouser[0];[T] Trouser[0];[T] Trouser[0];[T] Trouser[0];[T] Trouser[0];[T] Trouser[0];[T] Trouser[0];[T] Trouser[0];[T] Trouser[0];[T] Trouser[0];[T] Trouser[0];[T] Trouser[0];[T] Trouser[0];[T] Trouser[0];[T] Trouser[0];[T] Trouser[0];[T] Trouser[0];[T] Trouser[0]
g_ACfg.Trouser[1];57;0;[T] Trouser[1];[T] Trouser[1];[T] Trouser[1];[T] Trouser[1];[T] Trouser[1];[T] Trouser[1];[T] Trouser[1];[T] Trouser[1];[T] Trouser[1];[T] Trouser[1];[T] Trouser[1];[T] Trouser[1];[T] Trouser[1];[T] Trouser[1];[T] Trouser[1];[T] Trouser[1];[T] Trouser[1];[T] Trouser[1];[T] Trouser[1]
g_ACfg.Trouser[2];58;0;[T] Trouser[2];[T] Trouser[2];[T] Trouser[2];[T] Trouser[2];[T] Trouser[2];[T] Trouser[2];[T] Trouser[2];[T] Trouser[2];[T] Trouser[2];[T] Trouser[2];[T] Trouser[2];[T] Trouser[2];[T] Trouser[2];[T] Trouser[2];[T] Trouser[2];[T] Trouser[2];[T] Trouser[2];[T] Trouser[2];[T] Trouser[2]
g_ACfg.Trouser[3];59;0;[T] Trouser[3];[T] Trouser[3];[T] Trouser[3];[T] Trouser[3];[T] Trouser[3];[T] Trouser[3];[T] Trouser[3];[T] Trouser[3];[T] Trouser[3];[T] Trouser[3];[T] Trouser[3];[T] Trouser[3];[T] Trouser[3];[T] Trouser[3];[T] Trouser[3];[T] Trouser[3];[T] Trouser[3];[T] Trouser[3];[T] Trouser[3]
g_ACfg.Trouser[4];60;0;[T] Trouser[4];[T] Trouser[4];[T] Trouser[4];[T] Trouser[4];[T] Trouser[4];[T] Trouser[4];[T] Trouser[4];[T] Trouser[4];[T] Trouser[4];[T] Trouser[4];[T] Trouser[4];[T] Trouser[4];[T] Trouser[4];[T] Trouser[4];[T] Trouser[4];[T] Trouser[4];[T] Trouser[4];[T] Trouser[4];[T] Trouser[4]
g_ACfg.Trouser[5];61;0;[T] Trouser[5];[T] Trouser[5];[T] Trouser[5];[T] Trouser[5];[T] Trouser[5];[T] Trouser[5];[T] Trouser[5];[T] Trouser[5];[T] Trouser[5];[T] Trouser[5];[T] Trouser[5];[T] Trouser[5];[T] Trouser[5];[T] Trouser[5];[T] Trouser[5];[T] Trouser[5];[T] Trouser[5];[T] Trouser[5];[T] Trouser[5]
g_ACfg.Trouser[6];62;0;[T] Trouser[6];[T] Trouser[6];[T] Trouser[6];[T] Trouser[6];[T] Trouser[6];[T] Trouser[6];[T] Trouser[6];[T] Trouser[6];[T] Trouser[6];[T] Trouser[6];[T] Trouser[6];[T] Trouser[6];[T] Trouser[6];[T] Trouser[6];[T] Trouser[6];[T] Trouser[6];[T] Trouser[6];[T] Trouser[6];[T] Trouser[6]
g_ACfg.FlapTrouserDetectionOn;63;0;[F] FlapTrouserDetectionOn;[F] FlapTrouserDetectionOn;[F] FlapTrouserDetectionOn;[F] FlapTrouserDetectionOn;[F] FlapTrouserDetectionOn;[F] FlapTrouserDetectionOn;[F] FlapTrouserDetectionOn;[F] FlapTrouserDetectionOn;[F] FlapTrouserDetectionOn;[F] FlapTrouserDetectionOn;[F] FlapTrouserDetectionOn;[F] FlapTrouserDetectionOn;[F] FlapTrouserDetectionOn;[F] FlapTrouserDetectionOn;[F] FlapTrouserDetectionOn;[F] FlapTrouserDetectionOn;[F] FlapTrouserDetectionOn;[F] FlapTrouserDetectionOn;[F] FlapTrouserDetectionOn
g_ACfg.FlapTrousersAlignment;64;0;[F] FlapTrousersAlignment;[F] FlapTrousersAlignment;[F] FlapTrousersAlignment;[F] FlapTrousersAlignment;[F] FlapTrousersAlignment;[F] FlapTrousersAlignment;[F] FlapTrousersAlignment;[F] FlapTrousersAlignment;[F] FlapTrousersAlignment;[F] FlapTrousersAlignment;[F] FlapTrousersAlignment;[F] FlapTrousersAlignment;[F] FlapTrousersAlignment;[F] FlapTrousersAlignment;[F] FlapTrousersAlignment;[F] FlapTrousersAlignment;[F] FlapTrousersAlignment;[F] FlapTrousersAlignment;[F] FlapTrousersAlignment
g_ACfg.FlapTrousersAirBlastOnTime;65;0;[T] FlapTrousersAirBlastOnTime;[T] FlapTrousersAirBlastOnTime;[T] FlapTrousersAirBlastOnTime;[T] FlapTrousersAirBlastOnTime;[T] FlapTrousersAirBlastOnTime;[T] FlapTrousersAirBlastOnTime;[T] FlapTrousersAirBlastOnTime;[T] FlapTrousersAirBlastOnTime;[T] FlapTrousersAirBlastOnTime;[T] FlapTrousersAirBlastOnTime;[T] FlapTrousersAirBlastOnTime;[T] FlapTrousersAirBlastOnTime;[T] FlapTrousersAirBlastOnTime;[T] FlapTrousersAirBlastOnTime;[T] FlapTrousersAirBlastOnTime;[T] FlapTrousersAirBlastOnTime;[T] FlapTrousersAirBlastOnTime;[T] FlapTrousersAirBlastOnTime;[T] FlapTrousersAirBlastOnTime
g_ACfg.FlapTrousersAirBlastStartDelay;66;0;[T] FlapTrousersAirBlastStartDelay;[T] FlapTrousersAirBlastStartDelay;[T] FlapTrousersAirBlastStartDelay;[T] FlapTrousersAirBlastStartDelay;[T] FlapTrousersAirBlastStartDelay;[T] FlapTrousersAirBlastStartDelay;[T] FlapTrousersAirBlastStartDelay;[T] FlapTrousersAirBlastStartDelay;[T] FlapTrousersAirBlastStartDelay;[T] FlapTrousersAirBlastStartDelay;[T] FlapTrousersAirBlastStartDelay;[T] FlapTrousersAirBlastStartDelay;[T] FlapTrousersAirBlastStartDelay;[T] FlapTrousersAirBlastStartDelay;[T] FlapTrousersAirBlastStartDelay;[T] FlapTrousersAirBlastStartDelay;[T] FlapTrousersAirBlastStartDelay;[T] FlapTrousersAirBlastStartDelay;[T] FlapTrousersAirBlastStartDelay
g_ACfg.XtremeHeavy;67;0;[F] XtremeHeavy;[F] XtremeHeavy;[F] XtremeHeavy;[F] XtremeHeavy;[F] XtremeHeavy;[F] XtremeHeavy;[F] XtremeHeavy;[F] XtremeHeavy;[F] XtremeHeavy;[F] XtremeHeavy;[F] XtremeHeavy;[F] XtremeHeavy;[F] XtremeHeavy;[F] XtremeHeavy;[F] XtremeHeavy;[F] XtremeHeavy;[F] XtremeHeavy;[F] XtremeHeavy;[F] XtremeHeavy
g_ACfg.XtremeRaiseBlades;68;0;[F] XtremeRaiseBlades;[F] XtremeRaiseBlades;[F] XtremeRaiseBlades;[F] XtremeRaiseBlades;[F] XtremeRaiseBlades;[F] XtremeRaiseBlades;[F] XtremeRaiseBlades;[F] XtremeRaiseBlades;[F] XtremeRaiseBlades;[F] XtremeRaiseBlades;[F] XtremeRaiseBlades;[F] XtremeRaiseBlades;[F] XtremeRaiseBlades;[F] XtremeRaiseBlades;[F] XtremeRaiseBlades;[F] XtremeRaiseBlades;[F] XtremeRaiseBlades;[F] XtremeRaiseBlades;[F] XtremeRaiseBlades
g_ACfg.XtremeGuideplates;69;0;[F] XtremeGuideplates;[F] XtremeGuideplates;[F] XtremeGuideplates;[F] XtremeGuideplates;[F] XtremeGuideplates;[F] XtremeGuideplates;[F] XtremeGuideplates;[F] XtremeGuideplates;[F] XtremeGuideplates;[F] XtremeGuideplates;[F] XtremeGuideplates;[F] XtremeGuideplates;[F] XtremeGuideplates;[F] XtremeGuideplates;[F] XtremeGuideplates;[F] XtremeGuideplates;[F] XtremeGuideplates;[F] XtremeGuideplates;[F] XtremeGuideplates
g_ACfg.DelayStopInlet;70;0;[T] DelayStopInlet;[T] DelayStopInlet;[T] DelayStopInlet;[T] DelayStopInlet;[T] DelayStopInlet;[T] DelayStopInlet;[T] DelayStopInlet;[T] DelayStopInlet;[T] DelayStopInlet;[T] DelayStopInlet;[T] DelayStopInlet;[T] DelayStopInlet;[T] DelayStopInlet;[T] DelayStopInlet;[T] DelayStopInlet;[T] DelayStopInlet;[T] DelayStopInlet;[T] DelayStopInlet;[T] DelayStopInlet
g_ACfg.TrouserBlowEnable;71;0;[F] TrouserBlowEnable;[F] TrouserBlowEnable;[F] TrouserBlowEnable;[F] TrouserBlowEnable;[F] TrouserBlowEnable;[F] TrouserBlowEnable;[F] TrouserBlowEnable;[F] TrouserBlowEnable;[F] TrouserBlowEnable;[F] TrouserBlowEnable;[F] TrouserBlowEnable;[F] TrouserBlowEnable;[F] TrouserBlowEnable;[F] TrouserBlowEnable;[F] TrouserBlowEnable;[F] TrouserBlowEnable;[F] TrouserBlowEnable;[F] TrouserBlowEnable;[F] TrouserBlowEnable
g_ACfg.TrouserBlowAdjust;72;0;[T] TrouserBlowAdjust;[T] TrouserBlowAdjust;[T] TrouserBlowAdjust;[T] TrouserBlowAdjust;[T] TrouserBlowAdjust;[T] TrouserBlowAdjust;[T] TrouserBlowAdjust;[T] TrouserBlowAdjust;[T] TrouserBlowAdjust;[T] TrouserBlowAdjust;[T] TrouserBlowAdjust;[T] TrouserBlowAdjust;[T] TrouserBlowAdjust;[T] TrouserBlowAdjust;[T] TrouserBlowAdjust;[T] TrouserBlowAdjust;[T] TrouserBlowAdjust;[T] TrouserBlowAdjust;[T] TrouserBlowAdjust
g_ACfg.TrouserBlowTimeAdjust;73;0;[T] TrouserBlowTimeAdjust;[T] TrouserBlowTimeAdjust;[T] TrouserBlowTimeAdjust;[T] TrouserBlowTimeAdjust;[T] TrouserBlowTimeAdjust;[T] TrouserBlowTimeAdjust;[T] TrouserBlowTimeAdjust;[T] TrouserBlowTimeAdjust;[T] TrouserBlowTimeAdjust;[T] TrouserBlowTimeAdjust;[T] TrouserBlowTimeAdjust;[T] TrouserBlowTimeAdjust;[T] TrouserBlowTimeAdjust;[T] TrouserBlowTimeAdjust;[T] TrouserBlowTimeAdjust;[T] TrouserBlowTimeAdjust;[T] TrouserBlowTimeAdjust;[T] TrouserBlowTimeAdjust;[T] TrouserBlowTimeAdjust
g_ACfg.TrouserBlowCountAdjust;74;0;[T] TrouserBlowCountAdjust;[T] TrouserBlowCountAdjust;[T] TrouserBlowCountAdjust;[T] TrouserBlowCountAdjust;[T] TrouserBlowCountAdjust;[T] TrouserBlowCountAdjust;[T] TrouserBlowCountAdjust;[T] TrouserBlowCountAdjust;[T] TrouserBlowCountAdjust;[T] TrouserBlowCountAdjust;[T] TrouserBlowCountAdjust;[T] TrouserBlowCountAdjust;[T] TrouserBlowCountAdjust;[T] TrouserBlowCountAdjust;[T] TrouserBlowCountAdjust;[T] TrouserBlowCountAdjust;[T] TrouserBlowCountAdjust;[T] TrouserBlowCountAdjust;[T] TrouserBlowCountAdjust
g_ACfg.TrouserBlowGapAdjust;75;0;[T] TrouserBlowGapAdjust;[T] TrouserBlowGapAdjust;[T] TrouserBlowGapAdjust;[T] TrouserBlowGapAdjust;[T] TrouserBlowGapAdjust;[T] TrouserBlowGapAdjust;[T] TrouserBlowGapAdjust;[T] TrouserBlowGapAdjust;[T] TrouserBlowGapAdjust;[T] TrouserBlowGapAdjust;[T] TrouserBlowGapAdjust;[T] TrouserBlowGapAdjust;[T] TrouserBlowGapAdjust;[T] TrouserBlowGapAdjust;[T] TrouserBlowGapAdjust;[T] TrouserBlowGapAdjust;[T] TrouserBlowGapAdjust;[T] TrouserBlowGapAdjust;[T] TrouserBlowGapAdjust
g_ACfg.FullIndexingTime[0];76;0;[T] Indexing time stacker;[F] StackByTurn;[F] StackByTurn;[F] StackByTurn;[F] StackByTurn;[F] StackByTurn;[F] StackByTurn;[F] StackByTurn;[F] StackByTurn;[F] StackByTurn;[F] StackByTurn;[F] StackByTurn;[F] StackByTurn;[F] StackByTurn;[F] StackByTurn;[F] StackByTurn;[F] StackByTurn;[F] StackByTurn;[F] StackByTurn
g_ACfg.FullIndexingTime[1];77;0;[T] Indexing time stacker 1;[T] Indexing time stacker 1;[T] Indexing time stacker 1;[T] Indexing time stacker 1;[T] Indexing time stacker 1;[T] Indexing time stacker 1;[T] Indexing time stacker 1;[T] Indexing time stacker 1;[T] Indexing time stacker 1;[T] Indexing time stacker 1;[T] Indexing time stacker 1;[T] Indexing time stacker 1;[T] Indexing time stacker 1;[T] Indexing time stacker 1;[T] Indexing time stacker 1;[T] Indexing time stacker 1;[T] Indexing time stacker 1;[T] Indexing time stacker 1;[T] Indexing time stacker 1
g_ACfg.FullIndexingTime[2];78;0;[T] Indexing time stacker 2;[T] Indexing time stacker 2;[T] Indexing time stacker 2;[T] Indexing time stacker 2;[T] Indexing time stacker 2;[T] Indexing time stacker 2;[T] Indexing time stacker 2;[T] Indexing time stacker 2;[T] Indexing time stacker 2;[T] Indexing time stacker 2;[T] Indexing time stacker 2;[T] Indexing time stacker 2;[T] Indexing time stacker 2;[T] Indexing time stacker 2;[T] Indexing time stacker 2;[T] Indexing time stacker 2;[T] Indexing time stacker 2;[T] Indexing time stacker 2;[T] Indexing time stacker 2
g_ACfg.FullIndexingTime[3];79;0;[T] Indexing time stacker 3;[T] Indexing time stacker 3;[T] Indexing time stacker 3;[T] Indexing time stacker 3;[T] Indexing time stacker 3;[T] Indexing time stacker 3;[T] Indexing time stacker 3;[T] Indexing time stacker 3;[T] Indexing time stacker 3;[T] Indexing time stacker 3;[T] Indexing time stacker 3;[T] Indexing time stacker 3;[T] Indexing time stacker 3;[T] Indexing time stacker 3;[T] Indexing time stacker 3;[T] Indexing time stacker 3;[T] Indexing time stacker 3;[T] Indexing time stacker 3;[T] Indexing time stacker 3
g_ACfg.FullIndexingTime[4];80;0;[T] Indexing time stacker 4;[T] Indexing time stacker 4;[T] Indexing time stacker 4;[T] Indexing time stacker 4;[T] Indexing time stacker 4;[T] Indexing time stacker 4;[T] Indexing time stacker 4;[T] Indexing time stacker 4;[T] Indexing time stacker 4;[T] Indexing time stacker 4;[T] Indexing time stacker 4;[T] Indexing time stacker 4;[T] Indexing time stacker 4;[T] Indexing time stacker 4;[T] Indexing time stacker 4;[T] Indexing time stacker 4;[T] Indexing time stacker 4;[T] Indexing time stacker 4;[T] Indexing time stacker 4
g_ACfg.FullIndexingTime[5];81;0;[T] Indexing time stacker 5;[T] Indexing time stacker 5;[T] Indexing time stacker 5;[T] Indexing time stacker 5;[T] Indexing time stacker 5;[T] Indexing time stacker 5;[T] Indexing time stacker 5;[T] Indexing time stacker 5;[T] Indexing time stacker 5;[T] Indexing time stacker 5;[T] Indexing time stacker 5;[T] Indexing time stacker 5;[T] Indexing time stacker 5;[T] Indexing time stacker 5;[T] Indexing time stacker 5;[T] Indexing time stacker 5;[T] Indexing time stacker 5;[T] Indexing time stacker 5;[T] Indexing time stacker 5
g_ACfg.FullIndexingTime[6];82;0;[T] Indexing time stacker 6;[T] Indexing time stacker 6;[T] Indexing time stacker 6;[T] Indexing time stacker 6;[T] Indexing time stacker 6;[T] Indexing time stacker 6;[T] Indexing time stacker 6;[T] Indexing time stacker 6;[T] Indexing time stacker 6;[T] Indexing time stacker 6;[T] Indexing time stacker 6;[T] Indexing time stacker 6;[T] Indexing time stacker 6;[T] Indexing time stacker 6;[T] Indexing time stacker 6;[T] Indexing time stacker 6;[T] Indexing time stacker 6;[T] Indexing time stacker 6;[T] Indexing time stacker 6
g_ACfg.FullIndexingTime[7];83;0;[T] Indexing time stacker 7;[T] Indexing time stacker 7;[T] Indexing time stacker 7;[T] Indexing time stacker 7;[T] Indexing time stacker 7;[T] Indexing time stacker 7;[T] Indexing time stacker 7;[T] Indexing time stacker 7;[T] Indexing time stacker 7;[T] Indexing time stacker 7;[T] Indexing time stacker 7;[T] Indexing time stacker 7;[T] Indexing time stacker 7;[T] Indexing time stacker 7;[T] Indexing time stacker 7;[T] Indexing time stacker 7;[T] Indexing time stacker 7;[T] Indexing time stacker 7;[T] Indexing time stacker 7
g_ACfg.FullIndexingTime[8];84;0;[T] Indexing time stacker 8;[T] Indexing time stacker 8;[T] Indexing time stacker 8;[T] Indexing time stacker 8;[T] Indexing time stacker 8;[T] Indexing time stacker 8;[T] Indexing time stacker 8;[T] Indexing time stacker 8;[T] Indexing time stacker 8;[T] Indexing time stacker 8;[T] Indexing time stacker 8;[T] Indexing time stacker 8;[T] Indexing time stacker 8;[T] Indexing time stacker 8;[T] Indexing time stacker 8;[T] Indexing time stacker 8;[T] Indexing time stacker 8;[T] Indexing time stacker 8;[T] Indexing time stacker 8
g_ACfg.FullIndexingTime[9];85;0;[T] Indexing time stacker 9;[T] Indexing time stacker 9;[T] Indexing time stacker 9;[T] Indexing time stacker 9;[T] Indexing time stacker 9;[T] Indexing time stacker 9;[T] Indexing time stacker 9;[T] Indexing time stacker 9;[T] Indexing time stacker 9;[T] Indexing time stacker 9;[T] Indexing time stacker 9;[T] Indexing time stacker 9;[T] Indexing time stacker 9;[T] Indexing time stacker 9;[T] Indexing time stacker 9;[T] Indexing time stacker 9;[T] Indexing time stacker 9;[T] Indexing time stacker 9;[T] Indexing time stacker 9
g_ACfg.FullIndexingTime[10];86;0;[T] Indexing time stacker 10;[T] Indexing time stacker 10;[T] Indexing time stacker 10;[T] Indexing time stacker 10;[T] Indexing time stacker 10;[T] Indexing time stacker 10;[T] Indexing time stacker 10;[T] Indexing time stacker 10;[T] Indexing time stacker 10;[T] Indexing time stacker 10;[T] Indexing time stacker 10;[T] Indexing time stacker 10;[T] Indexing time stacker 10;[T] Indexing time stacker 10;[T] Indexing time stacker 10;[T] Indexing time stacker 10;[T] Indexing time stacker 10;[T] Indexing time stacker 10;[T] Indexing time stacker 10
g_ACfg.Extra[0];87;0;[T] Extra[0];[T] Extra[0];[T] Extra[0];[T] Extra[0];[T] Extra[0];[T] Extra[0];[T] Extra[0];[T] Extra[0];[T] Extra[0];[T] Extra[0];[T] Extra[0];[T] Extra[0];[T] Extra[0];[T] Extra[0];[T] Extra[0];[T] Extra[0];[T] Extra[0];[T] Extra[0];[T] Extra[0]
g_ACfg.Extra[1];88;0;[T] Extra[1];[T] Extra[1];[T] Extra[1];[T] Extra[1];[T] Extra[1];[T] Extra[1];[T] Extra[1];[T] Extra[1];[T] Extra[1];[T] Extra[1];[T] Extra[1];[T] Extra[1];[T] Extra[1];[T] Extra[1];[T] Extra[1];[T] Extra[1];[T] Extra[1];[T] Extra[1];[T] Extra[1]
g_ACfg.Extra[2];89;0;[T] Extra[2];[T] Extra[2];[T] Extra[2];[T] Extra[2];[T] Extra[2];[T] Extra[2];[T] Extra[2];[T] Extra[2];[T] Extra[2];[T] Extra[2];[T] Extra[2];[T] Extra[2];[T] Extra[2];[T] Extra[2];[T] Extra[2];[T] Extra[2];[T] Extra[2];[T] Extra[2];[T] Extra[2]
g_ACfg.Extra[3];90;0;[T] Extra[3];[T] Extra[3];[T] Extra[3];[T] Extra[3];[T] Extra[3];[T] Extra[3];[T] Extra[3];[T] Extra[3];[T] Extra[3];[T] Extra[3];[T] Extra[3];[T] Extra[3];[T] Extra[3];[T] Extra[3];[T] Extra[3];[T] Extra[3];[T] Extra[3];[T] Extra[3];[T] Extra[3]
g_ACfg.Extra[4];91;0;[T] Extra[4];[T] Extra[4];[T] Extra[4];[T] Extra[4];[T] Extra[4];[T] Extra[4];[T] Extra[4];[T] Extra[4];[T] Extra[4];[T] Extra[4];[T] Extra[4];[T] Extra[4];[T] Extra[4];[T] Extra[4];[T] Extra[4];[T] Extra[4];[T] Extra[4];[T] Extra[4];[T] Extra[4]
g_ACfg.Extra[5];92;0;[T] Extra[5];[T] Extra[5];[T] Extra[5];[T] Extra[5];[T] Extra[5];[T] Extra[5];[T] Extra[5];[T] Extra[5];[T] Extra[5];[T] Extra[5];[T] Extra[5];[T] Extra[5];[T] Extra[5];[T] Extra[5];[T] Extra[5];[T] Extra[5];[T] Extra[5];[T] Extra[5];[T] Extra[5]
