;PWL;TYPE;L2 English;L3 German;L4 French;L5 Swedish;L6 Danish;L7 Norwegian;L8 Finnish;L9 Italian;L9 Italian;L9 Italian;L9 Italian;L9 Italian;L9 Italian;;;;;;;
PWL;;;;;;;;;;;;;;;;;;;;;;
g_RCfg.Name;1;0;Name;Name;Name;Name;Name;Name;Name;Name;Name;Name;Name;Name;Name;Name;Name;Name;Name;Name;Name;
g_RCfg.Extra1;2;0;[T] Extra1;[T] Extra1;[T] Extra1;[T] Extra1;[T] Extra1;[T] Extra1;[T] Extra1;[T] Extra1;[T] Extra1;[T] Extra1;[T] Extra1;[T] Extra1;[T] Extra1;[T] Extra1;[T] Extra1;[T] Extra1;[T] Extra1;[T] Extra1;[T] Extra1;
g_RCfg.Extra2;3;0;[T] Extra2;[T] Extra2;[T] Extra2;[T] Extra2;[T] Extra2;[T] Extra2;[T] Extra2;[T] Extra2;[T] Extra2;[T] Extra2;[T] Extra2;[T] Extra2;[T] Extra2;[T] Extra2;[T] Extra2;[T] Extra2;[T] Extra2;[T] Extra2;[T] Extra2;
g_RCfg.Extra3;4;0;[T] Extra3;[T] Extra3;[T] Extra3;[T] Extra3;[T] Extra3;[T] Extra3;[T] Extra3;[T] Extra3;[T] Extra3;[T] Extra3;[T] Extra3;[T] Extra3;[T] Extra3;[T] Extra3;[T] Extra3;[T] Extra3;[T] Extra3;[T] Extra3;[T] Extra3;
g_RCfg.SelectedStack;5;0;[T] SelectedStack;[T] SelectedStack;[T] SelectedStack;[T] SelectedStack;[T] SelectedStack;[T] SelectedStack;[T] SelectedStack;[T] SelectedStack;[T] SelectedStack;[T] SelectedStack;[T] SelectedStack;[T] SelectedStack;[T] SelectedStack;[T] SelectedStack;[T] SelectedStack;[T] SelectedStack;[T] SelectedStack;[T] SelectedStack;[T] SelectedStack;
g_RCfg.Lateral.FoldMode;6;0;[T] Lateral.FoldMode;[T] Lateral.FoldMode;[T] Lateral.FoldMode;[T] Lateral.FoldMode;[T] Lateral.FoldMode;[T] Lateral.FoldMode;[T] Lateral.FoldMode;[T] Lateral.FoldMode;[T] Lateral.FoldMode;[T] Lateral.FoldMode;[T] Lateral.FoldMode;[T] Lateral.FoldMode;[T] Lateral.FoldMode;[T] Lateral.FoldMode;[T] Lateral.FoldMode;[T] Lateral.FoldMode;[T] Lateral.FoldMode;[T] Lateral.FoldMode;[T] Lateral.FoldMode;
g_RCfg.Lateral.StartDelayLeftBlade;7;0;[T] Lateral.StartDelayLeftBlade;[T] Lateral.StartDelayLeftBlade;[T] Lateral.StartDelayLeftBlade;[T] Lateral.StartDelayLeftBlade;[T] Lateral.StartDelayLeftBlade;[T] Lateral.StartDelayLeftBlade;[T] Lateral.StartDelayLeftBlade;[T] Lateral.StartDelayLeftBlade;[T] Lateral.StartDelayLeftBlade;[T] Lateral.StartDelayLeftBlade;[T] Lateral.StartDelayLeftBlade;[T] Lateral.StartDelayLeftBlade;[T] Lateral.StartDelayLeftBlade;[T] Lateral.StartDelayLeftBlade;[T] Lateral.StartDelayLeftBlade;[T] Lateral.StartDelayLeftBlade;[T] Lateral.StartDelayLeftBlade;[T] Lateral.StartDelayLeftBlade;[T] Lateral.StartDelayLeftBlade;
g_RCfg.Lateral.OnTimeLeftBlade;8;0;[T] Lateral.OnTimeLeftBlade;[T] Lateral.OnTimeLeftBlade;[T] Lateral.OnTimeLeftBlade;[T] Lateral.OnTimeLeftBlade;[T] Lateral.OnTimeLeftBlade;[T] Lateral.OnTimeLeftBlade;[T] Lateral.OnTimeLeftBlade;[T] Lateral.OnTimeLeftBlade;[T] Lateral.OnTimeLeftBlade;[T] Lateral.OnTimeLeftBlade;[T] Lateral.OnTimeLeftBlade;[T] Lateral.OnTimeLeftBlade;[T] Lateral.OnTimeLeftBlade;[T] Lateral.OnTimeLeftBlade;[T] Lateral.OnTimeLeftBlade;[T] Lateral.OnTimeLeftBlade;[T] Lateral.OnTimeLeftBlade;[T] Lateral.OnTimeLeftBlade;[T] Lateral.OnTimeLeftBlade;
g_RCfg.Lateral.StartDelayRightBlade;9;0;[T] Lateral.StartDelayRightBlade;[T] Lateral.StartDelayRightBlade;[T] Lateral.StartDelayRightBlade;[T] Lateral.StartDelayRightBlade;[T] Lateral.StartDelayRightBlade;[T] Lateral.StartDelayRightBlade;[T] Lateral.StartDelayRightBlade;[T] Lateral.StartDelayRightBlade;[T] Lateral.StartDelayRightBlade;[T] Lateral.StartDelayRightBlade;[T] Lateral.StartDelayRightBlade;[T] Lateral.StartDelayRightBlade;[T] Lateral.StartDelayRightBlade;[T] Lateral.StartDelayRightBlade;[T] Lateral.StartDelayRightBlade;[T] Lateral.StartDelayRightBlade;[T] Lateral.StartDelayRightBlade;[T] Lateral.StartDelayRightBlade;[T] Lateral.StartDelayRightBlade;
g_RCfg.Lateral.OnTimeRightBlade;10;0;[T] Lateral.OnTimeRightBlade;[T] Lateral.OnTimeRightBlade;[T] Lateral.OnTimeRightBlade;[T] Lateral.OnTimeRightBlade;[T] Lateral.OnTimeRightBlade;[T] Lateral.OnTimeRightBlade;[T] Lateral.OnTimeRightBlade;[T] Lateral.OnTimeRightBlade;[T] Lateral.OnTimeRightBlade;[T] Lateral.OnTimeRightBlade;[T] Lateral.OnTimeRightBlade;[T] Lateral.OnTimeRightBlade;[T] Lateral.OnTimeRightBlade;[T] Lateral.OnTimeRightBlade;[T] Lateral.OnTimeRightBlade;[T] Lateral.OnTimeRightBlade;[T] Lateral.OnTimeRightBlade;[T] Lateral.OnTimeRightBlade;[T] Lateral.OnTimeRightBlade;
g_RCfg.Lateral.WidthFirst;11;0;[T] Lateral.WidthFirst;[T] Lateral.WidthFirst;[T] Lateral.WidthFirst;[T] Lateral.WidthFirst;[T] Lateral.WidthFirst;[T] Lateral.WidthFirst;[T] Lateral.WidthFirst;[T] Lateral.WidthFirst;[T] Lateral.WidthFirst;[T] Lateral.WidthFirst;[T] Lateral.WidthFirst;[T] Lateral.WidthFirst;[T] Lateral.WidthFirst;[T] Lateral.WidthFirst;[T] Lateral.WidthFirst;[T] Lateral.WidthFirst;[T] Lateral.WidthFirst;[T] Lateral.WidthFirst;[T] Lateral.WidthFirst;
g_RCfg.Lateral.WidthLast;12;0;[T] Lateral.WidthLast;[T] Lateral.WidthLast;[T] Lateral.WidthLast;[T] Lateral.WidthLast;[T] Lateral.WidthLast;[T] Lateral.WidthLast;[T] Lateral.WidthLast;[T] Lateral.WidthLast;[T] Lateral.WidthLast;[T] Lateral.WidthLast;[T] Lateral.WidthLast;[T] Lateral.WidthLast;[T] Lateral.WidthLast;[T] Lateral.WidthLast;[T] Lateral.WidthLast;[T] Lateral.WidthLast;[T] Lateral.WidthLast;[T] Lateral.WidthLast;[T] Lateral.WidthLast;
g_RCfg.Lateral.BladeBackTime;13;0;[T] Lateral.BladeBackTime;[T] Lateral.BladeBackTime;[T] Lateral.BladeBackTime;[T] Lateral.BladeBackTime;[T] Lateral.BladeBackTime;[T] Lateral.BladeBackTime;[T] Lateral.BladeBackTime;[T] Lateral.BladeBackTime;[T] Lateral.BladeBackTime;[T] Lateral.BladeBackTime;[T] Lateral.BladeBackTime;[T] Lateral.BladeBackTime;[T] Lateral.BladeBackTime;[T] Lateral.BladeBackTime;[T] Lateral.BladeBackTime;[T] Lateral.BladeBackTime;[T] Lateral.BladeBackTime;[T] Lateral.BladeBackTime;[T] Lateral.BladeBackTime;
g_RCfg.Lateral.FoldDistance;14;0;[T] Lateral.FoldDistance;[T] Lateral.FoldDistance;[T] Lateral.FoldDistance;[T] Lateral.FoldDistance;[T] Lateral.FoldDistance;[T] Lateral.FoldDistance;[T] Lateral.FoldDistance;[T] Lateral.FoldDistance;[T] Lateral.FoldDistance;[T] Lateral.FoldDistance;[T] Lateral.FoldDistance;[T] Lateral.FoldDistance;[T] Lateral.FoldDistance;[T] Lateral.FoldDistance;[T] Lateral.FoldDistance;[T] Lateral.FoldDistance;[T] Lateral.FoldDistance;[T] Lateral.FoldDistance;[T] Lateral.FoldDistance;
g_RCfg.Lateral.DelayBladeBack;15;0;[T] Lateral.DelayBladeBack;[T] Lateral.DelayBladeBack;[T] Lateral.DelayBladeBack;[T] Lateral.DelayBladeBack;[T] Lateral.DelayBladeBack;[T] Lateral.DelayBladeBack;[T] Lateral.DelayBladeBack;[T] Lateral.DelayBladeBack;[T] Lateral.DelayBladeBack;[T] Lateral.DelayBladeBack;[T] Lateral.DelayBladeBack;[T] Lateral.DelayBladeBack;[T] Lateral.DelayBladeBack;[T] Lateral.DelayBladeBack;[T] Lateral.DelayBladeBack;[T] Lateral.DelayBladeBack;[T] Lateral.DelayBladeBack;[T] Lateral.DelayBladeBack;[T] Lateral.DelayBladeBack;
g_RCfg.Lateral.BeltAdjust;16;0;[T] Lateral.BeltAdjust;[T] Lateral.BeltAdjust;[T] Lateral.BeltAdjust;[T] Lateral.BeltAdjust;[T] Lateral.BeltAdjust;[T] Lateral.BeltAdjust;[T] Lateral.BeltAdjust;[T] Lateral.BeltAdjust;[T] Lateral.BeltAdjust;[T] Lateral.BeltAdjust;[T] Lateral.BeltAdjust;[T] Lateral.BeltAdjust;[T] Lateral.BeltAdjust;[T] Lateral.BeltAdjust;[T] Lateral.BeltAdjust;[T] Lateral.BeltAdjust;[T] Lateral.BeltAdjust;[T] Lateral.BeltAdjust;[T] Lateral.BeltAdjust;
g_RCfg.CrossFold.FoldCombination;17;0;[T] CrossFold.FoldCombination;[T] CrossFold.FoldCombination;[T] CrossFold.FoldCombination;[T] CrossFold.FoldCombination;[T] CrossFold.FoldCombination;[T] CrossFold.FoldCombination;[T] CrossFold.FoldCombination;[T] CrossFold.FoldCombination;[T] CrossFold.FoldCombination;[T] CrossFold.FoldCombination;[T] CrossFold.FoldCombination;[T] CrossFold.FoldCombination;[T] CrossFold.FoldCombination;[T] CrossFold.FoldCombination;[T] CrossFold.FoldCombination;[T] CrossFold.FoldCombination;[T] CrossFold.FoldCombination;[T] CrossFold.FoldCombination;[T] CrossFold.FoldCombination;
g_RCfg.CrossFold.FixDimRearEdge;18;0;[T] CrossFold.FixDimRearEdge;[T] CrossFold.FixDimRearEdge;[T] CrossFold.FixDimRearEdge;[T] CrossFold.FixDimRearEdge;[T] CrossFold.FixDimRearEdge;[T] CrossFold.FixDimRearEdge;[T] CrossFold.FixDimRearEdge;[T] CrossFold.FixDimRearEdge;[T] CrossFold.FixDimRearEdge;[T] CrossFold.FixDimRearEdge;[T] CrossFold.FixDimRearEdge;[T] CrossFold.FixDimRearEdge;[T] CrossFold.FixDimRearEdge;[T] CrossFold.FixDimRearEdge;[T] CrossFold.FixDimRearEdge;[T] CrossFold.FixDimRearEdge;[T] CrossFold.FixDimRearEdge;[T] CrossFold.FixDimRearEdge;[T] CrossFold.FixDimRearEdge;
g_RCfg.CrossFold.FixDimLeadEdge;19;0;[T] CrossFold.FixDimLeadEdge;[T] CrossFold.FixDimLeadEdge;[T] CrossFold.FixDimLeadEdge;[T] CrossFold.FixDimLeadEdge;[T] CrossFold.FixDimLeadEdge;[T] CrossFold.FixDimLeadEdge;[T] CrossFold.FixDimLeadEdge;[T] CrossFold.FixDimLeadEdge;[T] CrossFold.FixDimLeadEdge;[T] CrossFold.FixDimLeadEdge;[T] CrossFold.FixDimLeadEdge;[T] CrossFold.FixDimLeadEdge;[T] CrossFold.FixDimLeadEdge;[T] CrossFold.FixDimLeadEdge;[T] CrossFold.FixDimLeadEdge;[T] CrossFold.FixDimLeadEdge;[T] CrossFold.FixDimLeadEdge;[T] CrossFold.FixDimLeadEdge;[T] CrossFold.FixDimLeadEdge;Rcp.CrossFold.FoldCombinationText
g_RCfg.CrossFold.XAMotorExtraTime;20;0;[T] CrossFold.XAMotorExtraTime;[T] CrossFold.XAMotorExtraTime;[T] CrossFold.XAMotorExtraTime;[T] CrossFold.XAMotorExtraTime;[T] CrossFold.XAMotorExtraTime;[T] CrossFold.XAMotorExtraTime;[T] CrossFold.XAMotorExtraTime;[T] CrossFold.XAMotorExtraTime;[T] CrossFold.XAMotorExtraTime;[T] CrossFold.XAMotorExtraTime;[T] CrossFold.XAMotorExtraTime;[T] CrossFold.XAMotorExtraTime;[T] CrossFold.XAMotorExtraTime;[T] CrossFold.XAMotorExtraTime;[T] CrossFold.XAMotorExtraTime;[T] CrossFold.XAMotorExtraTime;[T] CrossFold.XAMotorExtraTime;[T] CrossFold.XAMotorExtraTime;[T] CrossFold.XAMotorExtraTime;
g_RCfg.CrossFoldA.FoldDevice;21;0;[T] CrossFoldA.FoldDevice;[T] CrossFoldA.FoldDevice;[T] CrossFoldA.FoldDevice;[T] CrossFoldA.FoldDevice;[T] CrossFoldA.FoldDevice;[T] CrossFoldA.FoldDevice;[T] CrossFoldA.FoldDevice;[T] CrossFoldA.FoldDevice;[T] CrossFoldA.FoldDevice;[T] CrossFoldA.FoldDevice;[T] CrossFoldA.FoldDevice;[T] CrossFoldA.FoldDevice;[T] CrossFoldA.FoldDevice;[T] CrossFoldA.FoldDevice;[T] CrossFoldA.FoldDevice;[T] CrossFoldA.FoldDevice;[T] CrossFoldA.FoldDevice;[T] CrossFoldA.FoldDevice;[T] CrossFoldA.FoldDevice;
g_RCfg.CrossFoldA.Belt1DelayTime;22;0;[T] CrossFoldA.Belt1DelayTime;[T] CrossFoldA.Belt1DelayTime;[T] CrossFoldA.Belt1DelayTime;[T] CrossFoldA.Belt1DelayTime;[T] CrossFoldA.Belt1DelayTime;[T] CrossFoldA.Belt1DelayTime;[T] CrossFoldA.Belt1DelayTime;[T] CrossFoldA.Belt1DelayTime;[T] CrossFoldA.Belt1DelayTime;[T] CrossFoldA.Belt1DelayTime;[T] CrossFoldA.Belt1DelayTime;[T] CrossFoldA.Belt1DelayTime;[T] CrossFoldA.Belt1DelayTime;[T] CrossFoldA.Belt1DelayTime;[T] CrossFoldA.Belt1DelayTime;[T] CrossFoldA.Belt1DelayTime;[T] CrossFoldA.Belt1DelayTime;[T] CrossFoldA.Belt1DelayTime;[T] CrossFoldA.Belt1DelayTime;
g_RCfg.CrossFoldA.Belt1OpenTime;23;0;[T] CrossFoldA.Belt1OpenTime;[T] CrossFoldA.Belt1OpenTime;[T] CrossFoldA.Belt1OpenTime;[T] CrossFoldA.Belt1OpenTime;[T] CrossFoldA.Belt1OpenTime;[T] CrossFoldA.Belt1OpenTime;[T] CrossFoldA.Belt1OpenTime;[T] CrossFoldA.Belt1OpenTime;[T] CrossFoldA.Belt1OpenTime;[T] CrossFoldA.Belt1OpenTime;[T] CrossFoldA.Belt1OpenTime;[T] CrossFoldA.Belt1OpenTime;[T] CrossFoldA.Belt1OpenTime;[T] CrossFoldA.Belt1OpenTime;[T] CrossFoldA.Belt1OpenTime;[T] CrossFoldA.Belt1OpenTime;[T] CrossFoldA.Belt1OpenTime;[T] CrossFoldA.Belt1OpenTime;[T] CrossFoldA.Belt1OpenTime;
g_RCfg.CrossFoldA.BlowDelay;24;0;[T] CrossFoldA.BlowDelay;[T] CrossFoldA.BlowDelay;[T] CrossFoldA.BlowDelay;[T] CrossFoldA.BlowDelay;[T] CrossFoldA.BlowDelay;[T] CrossFoldA.BlowDelay;[T] CrossFoldA.BlowDelay;[T] CrossFoldA.BlowDelay;[T] CrossFoldA.BlowDelay;[T] CrossFoldA.BlowDelay;[T] CrossFoldA.BlowDelay;[T] CrossFoldA.BlowDelay;[T] CrossFoldA.BlowDelay;[T] CrossFoldA.BlowDelay;[T] CrossFoldA.BlowDelay;[T] CrossFoldA.BlowDelay;[T] CrossFoldA.BlowDelay;[T] CrossFoldA.BlowDelay;[T] CrossFoldA.BlowDelay;
g_RCfg.CrossFoldA.BlowTime;25;0;[T] CrossFoldA.BlowTime;[T] CrossFoldA.BlowTime;[T] CrossFoldA.BlowTime;[T] CrossFoldA.BlowTime;[T] CrossFoldA.BlowTime;[T] CrossFoldA.BlowTime;[T] CrossFoldA.BlowTime;[T] CrossFoldA.BlowTime;[T] CrossFoldA.BlowTime;[T] CrossFoldA.BlowTime;[T] CrossFoldA.BlowTime;[T] CrossFoldA.BlowTime;[T] CrossFoldA.BlowTime;[T] CrossFoldA.BlowTime;[T] CrossFoldA.BlowTime;[T] CrossFoldA.BlowTime;[T] CrossFoldA.BlowTime;[T] CrossFoldA.BlowTime;[T] CrossFoldA.BlowTime;
g_RCfg.CrossFoldA.BlowBreak;26;0;[T] CrossFoldA.BlowBreak;[T] CrossFoldA.BlowBreak;[T] CrossFoldA.BlowBreak;[T] CrossFoldA.BlowBreak;[T] CrossFoldA.BlowBreak;[T] CrossFoldA.BlowBreak;[T] CrossFoldA.BlowBreak;[T] CrossFoldA.BlowBreak;[T] CrossFoldA.BlowBreak;[T] CrossFoldA.BlowBreak;[T] CrossFoldA.BlowBreak;[T] CrossFoldA.BlowBreak;[T] CrossFoldA.BlowBreak;[T] CrossFoldA.BlowBreak;[T] CrossFoldA.BlowBreak;[T] CrossFoldA.BlowBreak;[T] CrossFoldA.BlowBreak;[T] CrossFoldA.BlowBreak;[T] CrossFoldA.BlowBreak;
g_RCfg.CrossFoldA.BlowImpulses;27;0;[T] CrossFoldA.BlowImpulses;[T] CrossFoldA.BlowImpulses;[T] CrossFoldA.BlowImpulses;[T] CrossFoldA.BlowImpulses;[T] CrossFoldA.BlowImpulses;[T] CrossFoldA.BlowImpulses;[T] CrossFoldA.BlowImpulses;[T] CrossFoldA.BlowImpulses;[T] CrossFoldA.BlowImpulses;[T] CrossFoldA.BlowImpulses;[T] CrossFoldA.BlowImpulses;[T] CrossFoldA.BlowImpulses;[T] CrossFoldA.BlowImpulses;[T] CrossFoldA.BlowImpulses;[T] CrossFoldA.BlowImpulses;[T] CrossFoldA.BlowImpulses;[T] CrossFoldA.BlowImpulses;[T] CrossFoldA.BlowImpulses;[T] CrossFoldA.BlowImpulses;
g_RCfg.CrossFoldA.KnifeDelay;28;0;[T] CrossFoldA.KnifeDelay;[T] CrossFoldA.KnifeDelay;[T] CrossFoldA.KnifeDelay;[T] CrossFoldA.KnifeDelay;[T] CrossFoldA.KnifeDelay;[T] CrossFoldA.KnifeDelay;[T] CrossFoldA.KnifeDelay;[T] CrossFoldA.KnifeDelay;[T] CrossFoldA.KnifeDelay;[T] CrossFoldA.KnifeDelay;[T] CrossFoldA.KnifeDelay;[T] CrossFoldA.KnifeDelay;[T] CrossFoldA.KnifeDelay;[T] CrossFoldA.KnifeDelay;[T] CrossFoldA.KnifeDelay;[T] CrossFoldA.KnifeDelay;[T] CrossFoldA.KnifeDelay;[T] CrossFoldA.KnifeDelay;[T] CrossFoldA.KnifeDelay;
g_RCfg.CrossFoldA.KnifeTime;29;0;[T] CrossFoldA.KnifeTime;[T] CrossFoldA.KnifeTime;[T] CrossFoldA.KnifeTime;[T] CrossFoldA.KnifeTime;[T] CrossFoldA.KnifeTime;[T] CrossFoldA.KnifeTime;[T] CrossFoldA.KnifeTime;[T] CrossFoldA.KnifeTime;[T] CrossFoldA.KnifeTime;[T] CrossFoldA.KnifeTime;[T] CrossFoldA.KnifeTime;[T] CrossFoldA.KnifeTime;[T] CrossFoldA.KnifeTime;[T] CrossFoldA.KnifeTime;[T] CrossFoldA.KnifeTime;[T] CrossFoldA.KnifeTime;[T] CrossFoldA.KnifeTime;[T] CrossFoldA.KnifeTime;[T] CrossFoldA.KnifeTime;
g_RCfg.CrossFoldB.FoldDistance;30;0;[T] CrossFoldB.FoldDistance;[T] CrossFoldB.FoldDistance;[T] CrossFoldB.FoldDistance;[T] CrossFoldB.FoldDistance;[T] CrossFoldB.FoldDistance;[T] CrossFoldB.FoldDistance;[T] CrossFoldB.FoldDistance;[T] CrossFoldB.FoldDistance;[T] CrossFoldB.FoldDistance;[T] CrossFoldB.FoldDistance;[T] CrossFoldB.FoldDistance;[T] CrossFoldB.FoldDistance;[T] CrossFoldB.FoldDistance;[T] CrossFoldB.FoldDistance;[T] CrossFoldB.FoldDistance;[T] CrossFoldB.FoldDistance;[T] CrossFoldB.FoldDistance;[T] CrossFoldB.FoldDistance;[T] CrossFoldB.FoldDistance;
g_RCfg.CrossFoldB.SlopeMode;31;0;[T] CrossFoldB.SlopeMode;[T] CrossFoldB.SlopeMode;[T] CrossFoldB.SlopeMode;[T] CrossFoldB.SlopeMode;[T] CrossFoldB.SlopeMode;[T] CrossFoldB.SlopeMode;[T] CrossFoldB.SlopeMode;[T] CrossFoldB.SlopeMode;[T] CrossFoldB.SlopeMode;[T] CrossFoldB.SlopeMode;[T] CrossFoldB.SlopeMode;[T] CrossFoldB.SlopeMode;[T] CrossFoldB.SlopeMode;[T] CrossFoldB.SlopeMode;[T] CrossFoldB.SlopeMode;[T] CrossFoldB.SlopeMode;[T] CrossFoldB.SlopeMode;[T] CrossFoldB.SlopeMode;[T] CrossFoldB.SlopeMode;
g_RCfg.CrossFoldB.SlopeOnTime;32;0;[T] CrossFoldB.SlopeOnTime;[T] CrossFoldB.SlopeOnTime;[T] CrossFoldB.SlopeOnTime;[T] CrossFoldB.SlopeOnTime;[T] CrossFoldB.SlopeOnTime;[T] CrossFoldB.SlopeOnTime;[T] CrossFoldB.SlopeOnTime;[T] CrossFoldB.SlopeOnTime;[T] CrossFoldB.SlopeOnTime;[T] CrossFoldB.SlopeOnTime;[T] CrossFoldB.SlopeOnTime;[T] CrossFoldB.SlopeOnTime;[T] CrossFoldB.SlopeOnTime;[T] CrossFoldB.SlopeOnTime;[T] CrossFoldB.SlopeOnTime;[T] CrossFoldB.SlopeOnTime;[T] CrossFoldB.SlopeOnTime;[T] CrossFoldB.SlopeOnTime;[T] CrossFoldB.SlopeOnTime;
g_RCfg.CrossFoldB.BlowTimeFolding;33;0;[T] CrossFoldB.BlowTimeFolding;[T] CrossFoldB.BlowTimeFolding;[T] CrossFoldB.BlowTimeFolding;[T] CrossFoldB.BlowTimeFolding;[T] CrossFoldB.BlowTimeFolding;[T] CrossFoldB.BlowTimeFolding;[T] CrossFoldB.BlowTimeFolding;[T] CrossFoldB.BlowTimeFolding;[T] CrossFoldB.BlowTimeFolding;[T] CrossFoldB.BlowTimeFolding;[T] CrossFoldB.BlowTimeFolding;[T] CrossFoldB.BlowTimeFolding;[T] CrossFoldB.BlowTimeFolding;[T] CrossFoldB.BlowTimeFolding;[T] CrossFoldB.BlowTimeFolding;[T] CrossFoldB.BlowTimeFolding;[T] CrossFoldB.BlowTimeFolding;[T] CrossFoldB.BlowTimeFolding;[T] CrossFoldB.BlowTimeFolding;
g_RCfg.CrossFoldB.BlowDelayFolding;34;0;[T] CrossFoldB.BlowDelayFolding;[T] CrossFoldB.BlowDelayFolding;[T] CrossFoldB.BlowDelayFolding;[T] CrossFoldB.BlowDelayFolding;[T] CrossFoldB.BlowDelayFolding;[T] CrossFoldB.BlowDelayFolding;[T] CrossFoldB.BlowDelayFolding;[T] CrossFoldB.BlowDelayFolding;[T] CrossFoldB.BlowDelayFolding;[T] CrossFoldB.BlowDelayFolding;[T] CrossFoldB.BlowDelayFolding;[T] CrossFoldB.BlowDelayFolding;[T] CrossFoldB.BlowDelayFolding;[T] CrossFoldB.BlowDelayFolding;[T] CrossFoldB.BlowDelayFolding;[T] CrossFoldB.BlowDelayFolding;[T] CrossFoldB.BlowDelayFolding;[T] CrossFoldB.BlowDelayFolding;[T] CrossFoldB.BlowDelayFolding;
g_RCfg.CrossFoldB.BlowTimeLeading;35;0;[T] CrossFoldB.BlowTimeLeading;[T] CrossFoldB.BlowTimeLeading;[T] CrossFoldB.BlowTimeLeading;[T] CrossFoldB.BlowTimeLeading;[T] CrossFoldB.BlowTimeLeading;[T] CrossFoldB.BlowTimeLeading;[T] CrossFoldB.BlowTimeLeading;[T] CrossFoldB.BlowTimeLeading;[T] CrossFoldB.BlowTimeLeading;[T] CrossFoldB.BlowTimeLeading;[T] CrossFoldB.BlowTimeLeading;[T] CrossFoldB.BlowTimeLeading;[T] CrossFoldB.BlowTimeLeading;[T] CrossFoldB.BlowTimeLeading;[T] CrossFoldB.BlowTimeLeading;[T] CrossFoldB.BlowTimeLeading;[T] CrossFoldB.BlowTimeLeading;[T] CrossFoldB.BlowTimeLeading;[T] CrossFoldB.BlowTimeLeading;
g_RCfg.CrossFoldB.BlowDelayLeading;36;0;[T] CrossFoldB.BlowDelayLeading;[T] CrossFoldB.BlowDelayLeading;[T] CrossFoldB.BlowDelayLeading;[T] CrossFoldB.BlowDelayLeading;[T] CrossFoldB.BlowDelayLeading;[T] CrossFoldB.BlowDelayLeading;[T] CrossFoldB.BlowDelayLeading;[T] CrossFoldB.BlowDelayLeading;[T] CrossFoldB.BlowDelayLeading;[T] CrossFoldB.BlowDelayLeading;[T] CrossFoldB.BlowDelayLeading;[T] CrossFoldB.BlowDelayLeading;[T] CrossFoldB.BlowDelayLeading;[T] CrossFoldB.BlowDelayLeading;[T] CrossFoldB.BlowDelayLeading;[T] CrossFoldB.BlowDelayLeading;[T] CrossFoldB.BlowDelayLeading;[T] CrossFoldB.BlowDelayLeading;[T] CrossFoldB.BlowDelayLeading;
g_RCfg.CrossFoldB.BlowTimeReversing;37;0;[T] CrossFoldB.BlowTimeReversing;[T] CrossFoldB.BlowTimeReversing;[T] CrossFoldB.BlowTimeReversing;[T] CrossFoldB.BlowTimeReversing;[T] CrossFoldB.BlowTimeReversing;[T] CrossFoldB.BlowTimeReversing;[T] CrossFoldB.BlowTimeReversing;[T] CrossFoldB.BlowTimeReversing;[T] CrossFoldB.BlowTimeReversing;[T] CrossFoldB.BlowTimeReversing;[T] CrossFoldB.BlowTimeReversing;[T] CrossFoldB.BlowTimeReversing;[T] CrossFoldB.BlowTimeReversing;[T] CrossFoldB.BlowTimeReversing;[T] CrossFoldB.BlowTimeReversing;[T] CrossFoldB.BlowTimeReversing;[T] CrossFoldB.BlowTimeReversing;[T] CrossFoldB.BlowTimeReversing;[T] CrossFoldB.BlowTimeReversing;
g_RCfg.CrossFoldB.BlowDelayReversing;38;0;[T] CrossFoldB.BlowDelayReversing;[T] CrossFoldB.BlowDelayReversing;[T] CrossFoldB.BlowDelayReversing;[T] CrossFoldB.BlowDelayReversing;[T] CrossFoldB.BlowDelayReversing;[T] CrossFoldB.BlowDelayReversing;[T] CrossFoldB.BlowDelayReversing;[T] CrossFoldB.BlowDelayReversing;[T] CrossFoldB.BlowDelayReversing;[T] CrossFoldB.BlowDelayReversing;[T] CrossFoldB.BlowDelayReversing;[T] CrossFoldB.BlowDelayReversing;[T] CrossFoldB.BlowDelayReversing;[T] CrossFoldB.BlowDelayReversing;[T] CrossFoldB.BlowDelayReversing;[T] CrossFoldB.BlowDelayReversing;[T] CrossFoldB.BlowDelayReversing;[T] CrossFoldB.BlowDelayReversing;[T] CrossFoldB.BlowDelayReversing;
g_RCfg.CrossFoldB.StopMotorEnable;39;0;[F] CrossFoldB.StopMotorEnable;[F] CrossFoldB.StopMotorEnable;[F] CrossFoldB.StopMotorEnable;[F] CrossFoldB.StopMotorEnable;[F] CrossFoldB.StopMotorEnable;[F] CrossFoldB.StopMotorEnable;[F] CrossFoldB.StopMotorEnable;[F] CrossFoldB.StopMotorEnable;[F] CrossFoldB.StopMotorEnable;[F] CrossFoldB.StopMotorEnable;[F] CrossFoldB.StopMotorEnable;[F] CrossFoldB.StopMotorEnable;[F] CrossFoldB.StopMotorEnable;[F] CrossFoldB.StopMotorEnable;[F] CrossFoldB.StopMotorEnable;[F] CrossFoldB.StopMotorEnable;[F] CrossFoldB.StopMotorEnable;[F] CrossFoldB.StopMotorEnable;[F] CrossFoldB.StopMotorEnable;
g_RCfg.CrossFoldB.StopMotorDelay;40;0;[T] CrossFoldB.StopMotorDelay;[T] CrossFoldB.StopMotorDelay;[T] CrossFoldB.StopMotorDelay;[T] CrossFoldB.StopMotorDelay;[T] CrossFoldB.StopMotorDelay;[T] CrossFoldB.StopMotorDelay;[T] CrossFoldB.StopMotorDelay;[T] CrossFoldB.StopMotorDelay;[T] CrossFoldB.StopMotorDelay;[T] CrossFoldB.StopMotorDelay;[T] CrossFoldB.StopMotorDelay;[T] CrossFoldB.StopMotorDelay;[T] CrossFoldB.StopMotorDelay;[T] CrossFoldB.StopMotorDelay;[T] CrossFoldB.StopMotorDelay;[T] CrossFoldB.StopMotorDelay;[T] CrossFoldB.StopMotorDelay;[T] CrossFoldB.StopMotorDelay;[T] CrossFoldB.StopMotorDelay;
g_RCfg.CrossFoldB.StopMotorTime;41;0;[T] CrossFoldB.StopMotorTime;[T] CrossFoldB.StopMotorTime;[T] CrossFoldB.StopMotorTime;[T] CrossFoldB.StopMotorTime;[T] CrossFoldB.StopMotorTime;[T] CrossFoldB.StopMotorTime;[T] CrossFoldB.StopMotorTime;[T] CrossFoldB.StopMotorTime;[T] CrossFoldB.StopMotorTime;[T] CrossFoldB.StopMotorTime;[T] CrossFoldB.StopMotorTime;[T] CrossFoldB.StopMotorTime;[T] CrossFoldB.StopMotorTime;[T] CrossFoldB.StopMotorTime;[T] CrossFoldB.StopMotorTime;[T] CrossFoldB.StopMotorTime;[T] CrossFoldB.StopMotorTime;[T] CrossFoldB.StopMotorTime;[T] CrossFoldB.StopMotorTime;
g_RCfg.CrossFoldB.ReverseTimeAdjust;42;0;[T] CrossFoldB.ReverseTimeAdjust;[T] CrossFoldB.ReverseTimeAdjust;[T] CrossFoldB.ReverseTimeAdjust;[T] CrossFoldB.ReverseTimeAdjust;[T] CrossFoldB.ReverseTimeAdjust;[T] CrossFoldB.ReverseTimeAdjust;[T] CrossFoldB.ReverseTimeAdjust;[T] CrossFoldB.ReverseTimeAdjust;[T] CrossFoldB.ReverseTimeAdjust;[T] CrossFoldB.ReverseTimeAdjust;[T] CrossFoldB.ReverseTimeAdjust;[T] CrossFoldB.ReverseTimeAdjust;[T] CrossFoldB.ReverseTimeAdjust;[T] CrossFoldB.ReverseTimeAdjust;[T] CrossFoldB.ReverseTimeAdjust;[T] CrossFoldB.ReverseTimeAdjust;[T] CrossFoldB.ReverseTimeAdjust;[T] CrossFoldB.ReverseTimeAdjust;[T] CrossFoldB.ReverseTimeAdjust;
g_RCfg.CrossFoldB.StopXAEnable;43;0;[F] CrossFoldB.StopXAEnable;[F] CrossFoldB.StopXAEnable;[F] CrossFoldB.StopXAEnable;[F] CrossFoldB.StopXAEnable;[F] CrossFoldB.StopXAEnable;[F] CrossFoldB.StopXAEnable;[F] CrossFoldB.StopXAEnable;[F] CrossFoldB.StopXAEnable;[F] CrossFoldB.StopXAEnable;[F] CrossFoldB.StopXAEnable;[F] CrossFoldB.StopXAEnable;[F] CrossFoldB.StopXAEnable;[F] CrossFoldB.StopXAEnable;[F] CrossFoldB.StopXAEnable;[F] CrossFoldB.StopXAEnable;[F] CrossFoldB.StopXAEnable;[F] CrossFoldB.StopXAEnable;[F] CrossFoldB.StopXAEnable;[F] CrossFoldB.StopXAEnable;
g_RCfg.CrossFoldB.StopXADelay;44;0;[T] CrossFoldB.StopXADelay;[T] CrossFoldB.StopXADelay;[T] CrossFoldB.StopXADelay;[T] CrossFoldB.StopXADelay;[T] CrossFoldB.StopXADelay;[T] CrossFoldB.StopXADelay;[T] CrossFoldB.StopXADelay;[T] CrossFoldB.StopXADelay;[T] CrossFoldB.StopXADelay;[T] CrossFoldB.StopXADelay;[T] CrossFoldB.StopXADelay;[T] CrossFoldB.StopXADelay;[T] CrossFoldB.StopXADelay;[T] CrossFoldB.StopXADelay;[T] CrossFoldB.StopXADelay;[T] CrossFoldB.StopXADelay;[T] CrossFoldB.StopXADelay;[T] CrossFoldB.StopXADelay;[T] CrossFoldB.StopXADelay;
g_RCfg.StackerBelt1.AirBlastStartDelay;45;0;[T] StackerBelt1.AirBlastStartDelay;[T] StackerBelt1.AirBlastStartDelay;[T] StackerBelt1.AirBlastStartDelay;[T] StackerBelt1.AirBlastStartDelay;[T] StackerBelt1.AirBlastStartDelay;[T] StackerBelt1.AirBlastStartDelay;[T] StackerBelt1.AirBlastStartDelay;[T] StackerBelt1.AirBlastStartDelay;[T] StackerBelt1.AirBlastStartDelay;[T] StackerBelt1.AirBlastStartDelay;[T] StackerBelt1.AirBlastStartDelay;[T] StackerBelt1.AirBlastStartDelay;[T] StackerBelt1.AirBlastStartDelay;[T] StackerBelt1.AirBlastStartDelay;[T] StackerBelt1.AirBlastStartDelay;[T] StackerBelt1.AirBlastStartDelay;[T] StackerBelt1.AirBlastStartDelay;[T] StackerBelt1.AirBlastStartDelay;[T] StackerBelt1.AirBlastStartDelay;
g_RCfg.StackerBelt1.AirBlastOnTime;46;0;[T] StackerBelt1.AirBlastOnTime;[T] StackerBelt1.AirBlastOnTime;[T] StackerBelt1.AirBlastOnTime;[T] StackerBelt1.AirBlastOnTime;[T] StackerBelt1.AirBlastOnTime;[T] StackerBelt1.AirBlastOnTime;[T] StackerBelt1.AirBlastOnTime;[T] StackerBelt1.AirBlastOnTime;[T] StackerBelt1.AirBlastOnTime;[T] StackerBelt1.AirBlastOnTime;[T] StackerBelt1.AirBlastOnTime;[T] StackerBelt1.AirBlastOnTime;[T] StackerBelt1.AirBlastOnTime;[T] StackerBelt1.AirBlastOnTime;[T] StackerBelt1.AirBlastOnTime;[T] StackerBelt1.AirBlastOnTime;[T] StackerBelt1.AirBlastOnTime;[T] StackerBelt1.AirBlastOnTime;[T] StackerBelt1.AirBlastOnTime;
g_RCfg.StackerBelt2.AirBlastStartDelay;47;0;[T] StackerBelt2.AirBlastStartDelay;[T] StackerBelt2.AirBlastStartDelay;[T] StackerBelt2.AirBlastStartDelay;[T] StackerBelt2.AirBlastStartDelay;[T] StackerBelt2.AirBlastStartDelay;[T] StackerBelt2.AirBlastStartDelay;[T] StackerBelt2.AirBlastStartDelay;[T] StackerBelt2.AirBlastStartDelay;[T] StackerBelt2.AirBlastStartDelay;[T] StackerBelt2.AirBlastStartDelay;[T] StackerBelt2.AirBlastStartDelay;[T] StackerBelt2.AirBlastStartDelay;[T] StackerBelt2.AirBlastStartDelay;[T] StackerBelt2.AirBlastStartDelay;[T] StackerBelt2.AirBlastStartDelay;[T] StackerBelt2.AirBlastStartDelay;[T] StackerBelt2.AirBlastStartDelay;[T] StackerBelt2.AirBlastStartDelay;[T] StackerBelt2.AirBlastStartDelay;
g_RCfg.StackerBelt2.AirBlastOnTime;48;0;[T] StackerBelt2.AirBlastOnTime;[T] StackerBelt2.AirBlastOnTime;[T] StackerBelt2.AirBlastOnTime;[T] StackerBelt2.AirBlastOnTime;[T] StackerBelt2.AirBlastOnTime;[T] StackerBelt2.AirBlastOnTime;[T] StackerBelt2.AirBlastOnTime;[T] StackerBelt2.AirBlastOnTime;[T] StackerBelt2.AirBlastOnTime;[T] StackerBelt2.AirBlastOnTime;[T] StackerBelt2.AirBlastOnTime;[T] StackerBelt2.AirBlastOnTime;[T] StackerBelt2.AirBlastOnTime;[T] StackerBelt2.AirBlastOnTime;[T] StackerBelt2.AirBlastOnTime;[T] StackerBelt2.AirBlastOnTime;[T] StackerBelt2.AirBlastOnTime;[T] StackerBelt2.AirBlastOnTime;[T] StackerBelt2.AirBlastOnTime;
g_RCfg.StackerBelt3.AirBlastStartDelay;49;0;[T] StackerBelt3.AirBlastStartDelay;[T] StackerBelt3.AirBlastStartDelay;[T] StackerBelt3.AirBlastStartDelay;[T] StackerBelt3.AirBlastStartDelay;[T] StackerBelt3.AirBlastStartDelay;[T] StackerBelt3.AirBlastStartDelay;[T] StackerBelt3.AirBlastStartDelay;[T] StackerBelt3.AirBlastStartDelay;[T] StackerBelt3.AirBlastStartDelay;[T] StackerBelt3.AirBlastStartDelay;[T] StackerBelt3.AirBlastStartDelay;[T] StackerBelt3.AirBlastStartDelay;[T] StackerBelt3.AirBlastStartDelay;[T] StackerBelt3.AirBlastStartDelay;[T] StackerBelt3.AirBlastStartDelay;[T] StackerBelt3.AirBlastStartDelay;[T] StackerBelt3.AirBlastStartDelay;[T] StackerBelt3.AirBlastStartDelay;[T] StackerBelt3.AirBlastStartDelay;
g_RCfg.StackerBelt3.AirBlastOnTime;50;0;[T] StackerBelt3.AirBlastOnTime;[T] StackerBelt3.AirBlastOnTime;[T] StackerBelt3.AirBlastOnTime;[T] StackerBelt3.AirBlastOnTime;[T] StackerBelt3.AirBlastOnTime;[T] StackerBelt3.AirBlastOnTime;[T] StackerBelt3.AirBlastOnTime;[T] StackerBelt3.AirBlastOnTime;[T] StackerBelt3.AirBlastOnTime;[T] StackerBelt3.AirBlastOnTime;[T] StackerBelt3.AirBlastOnTime;[T] StackerBelt3.AirBlastOnTime;[T] StackerBelt3.AirBlastOnTime;[T] StackerBelt3.AirBlastOnTime;[T] StackerBelt3.AirBlastOnTime;[T] StackerBelt3.AirBlastOnTime;[T] StackerBelt3.AirBlastOnTime;[T] StackerBelt3.AirBlastOnTime;[T] StackerBelt3.AirBlastOnTime;
g_RCfg.StackerBelt4.AirBlastStartDelay;51;0;[T] StackerBelt4.AirBlastStartDelay;[T] StackerBelt4.AirBlastStartDelay;[T] StackerBelt4.AirBlastStartDelay;[T] StackerBelt4.AirBlastStartDelay;[T] StackerBelt4.AirBlastStartDelay;[T] StackerBelt4.AirBlastStartDelay;[T] StackerBelt4.AirBlastStartDelay;[T] StackerBelt4.AirBlastStartDelay;[T] StackerBelt4.AirBlastStartDelay;[T] StackerBelt4.AirBlastStartDelay;[T] StackerBelt4.AirBlastStartDelay;[T] StackerBelt4.AirBlastStartDelay;[T] StackerBelt4.AirBlastStartDelay;[T] StackerBelt4.AirBlastStartDelay;[T] StackerBelt4.AirBlastStartDelay;[T] StackerBelt4.AirBlastStartDelay;[T] StackerBelt4.AirBlastStartDelay;[T] StackerBelt4.AirBlastStartDelay;[T] StackerBelt4.AirBlastStartDelay;
g_RCfg.StackerBelt4.AirBlastOnTime;52;0;[T] StackerBelt4.AirBlastOnTime;[T] StackerBelt4.AirBlastOnTime;[T] StackerBelt4.AirBlastOnTime;[T] StackerBelt4.AirBlastOnTime;[T] StackerBelt4.AirBlastOnTime;[T] StackerBelt4.AirBlastOnTime;[T] StackerBelt4.AirBlastOnTime;[T] StackerBelt4.AirBlastOnTime;[T] StackerBelt4.AirBlastOnTime;[T] StackerBelt4.AirBlastOnTime;[T] StackerBelt4.AirBlastOnTime;[T] StackerBelt4.AirBlastOnTime;[T] StackerBelt4.AirBlastOnTime;[T] StackerBelt4.AirBlastOnTime;[T] StackerBelt4.AirBlastOnTime;[T] StackerBelt4.AirBlastOnTime;[T] StackerBelt4.AirBlastOnTime;[T] StackerBelt4.AirBlastOnTime;[T] StackerBelt4.AirBlastOnTime;
g_RCfg.StackerBelt5.AirBlastStartDelay;53;0;[T] StackerBelt5.AirBlastStartDelay;[T] StackerBelt5.AirBlastStartDelay;[T] StackerBelt5.AirBlastStartDelay;[T] StackerBelt5.AirBlastStartDelay;[T] StackerBelt5.AirBlastStartDelay;[T] StackerBelt5.AirBlastStartDelay;[T] StackerBelt5.AirBlastStartDelay;[T] StackerBelt5.AirBlastStartDelay;[T] StackerBelt5.AirBlastStartDelay;[T] StackerBelt5.AirBlastStartDelay;[T] StackerBelt5.AirBlastStartDelay;[T] StackerBelt5.AirBlastStartDelay;[T] StackerBelt5.AirBlastStartDelay;[T] StackerBelt5.AirBlastStartDelay;[T] StackerBelt5.AirBlastStartDelay;[T] StackerBelt5.AirBlastStartDelay;[T] StackerBelt5.AirBlastStartDelay;[T] StackerBelt5.AirBlastStartDelay;[T] StackerBelt5.AirBlastStartDelay;
g_RCfg.StackerBelt5.AirBlastOnTime;54;0;[T] StackerBelt5.AirBlastOnTime;[T] StackerBelt5.AirBlastOnTime;[T] StackerBelt5.AirBlastOnTime;[T] StackerBelt5.AirBlastOnTime;[T] StackerBelt5.AirBlastOnTime;[T] StackerBelt5.AirBlastOnTime;[T] StackerBelt5.AirBlastOnTime;[T] StackerBelt5.AirBlastOnTime;[T] StackerBelt5.AirBlastOnTime;[T] StackerBelt5.AirBlastOnTime;[T] StackerBelt5.AirBlastOnTime;[T] StackerBelt5.AirBlastOnTime;[T] StackerBelt5.AirBlastOnTime;[T] StackerBelt5.AirBlastOnTime;[T] StackerBelt5.AirBlastOnTime;[T] StackerBelt5.AirBlastOnTime;[T] StackerBelt5.AirBlastOnTime;[T] StackerBelt5.AirBlastOnTime;[T] StackerBelt5.AirBlastOnTime;
g_RCfg.Stacker.SelectSection;55;0;[T] Stacker.SelectSection;[T] Stacker.SelectSection;[T] Stacker.SelectSection;[T] Stacker.SelectSection;[T] Stacker.SelectSection;[T] Stacker.SelectSection;[T] Stacker.SelectSection;[T] Stacker.SelectSection;[T] Stacker.SelectSection;[T] Stacker.SelectSection;[T] Stacker.SelectSection;[T] Stacker.SelectSection;[T] Stacker.SelectSection;[T] Stacker.SelectSection;[T] Stacker.SelectSection;[T] Stacker.SelectSection;[T] Stacker.SelectSection;[T] Stacker.SelectSection;[T] Stacker.SelectSection;
g_RCfg.Stacker.StackerSelection;56;0;[T] Stacker.StackerSelection;[T] Stacker.StackerSelection;[T] Stacker.StackerSelection;[T] Stacker.StackerSelection;[T] Stacker.StackerSelection;[T] Stacker.StackerSelection;[T] Stacker.StackerSelection;[T] Stacker.StackerSelection;[T] Stacker.StackerSelection;[T] Stacker.StackerSelection;[T] Stacker.StackerSelection;[T] Stacker.StackerSelection;[T] Stacker.StackerSelection;[T] Stacker.StackerSelection;[T] Stacker.StackerSelection;[T] Stacker.StackerSelection;[T] Stacker.StackerSelection;[T] Stacker.StackerSelection;[T] Stacker.StackerSelection;
g_RCfg.Stacker.StopLeadingOrRearEdge;57;0;[F] Stacker.StopLeadingOrRearEdge;[F] Stacker.StopLeadingOrRearEdge;[F] Stacker.StopLeadingOrRearEdge;[F] Stacker.StopLeadingOrRearEdge;[F] Stacker.StopLeadingOrRearEdge;[F] Stacker.StopLeadingOrRearEdge;[F] Stacker.StopLeadingOrRearEdge;[F] Stacker.StopLeadingOrRearEdge;[F] Stacker.StopLeadingOrRearEdge;[F] Stacker.StopLeadingOrRearEdge;[F] Stacker.StopLeadingOrRearEdge;[F] Stacker.StopLeadingOrRearEdge;[F] Stacker.StopLeadingOrRearEdge;[F] Stacker.StopLeadingOrRearEdge;[F] Stacker.StopLeadingOrRearEdge;[F] Stacker.StopLeadingOrRearEdge;[F] Stacker.StopLeadingOrRearEdge;[F] Stacker.StopLeadingOrRearEdge;[F] Stacker.StopLeadingOrRearEdge;
g_RCfg.Stacker.StopLeading;58;0;[F] Stacker.StopLeading;[F] Stacker.StopLeading;[F] Stacker.StopLeading;[F] Stacker.StopLeading;[F] Stacker.StopLeading;[F] Stacker.StopLeading;[F] Stacker.StopLeading;[F] Stacker.StopLeading;[F] Stacker.StopLeading;[F] Stacker.StopLeading;[F] Stacker.StopLeading;[F] Stacker.StopLeading;[F] Stacker.StopLeading;[F] Stacker.StopLeading;[F] Stacker.StopLeading;[F] Stacker.StopLeading;[F] Stacker.StopLeading;[F] Stacker.StopLeading;[F] Stacker.StopLeading;
g_RCfg.Stacker.StopPosition;59;0;[T] Stacker.StopPosition;[T] Stacker.StopPosition;[T] Stacker.StopPosition;[T] Stacker.StopPosition;[T] Stacker.StopPosition;[T] Stacker.StopPosition;[T] Stacker.StopPosition;[T] Stacker.StopPosition;[T] Stacker.StopPosition;[T] Stacker.StopPosition;[T] Stacker.StopPosition;[T] Stacker.StopPosition;[T] Stacker.StopPosition;[T] Stacker.StopPosition;[T] Stacker.StopPosition;[T] Stacker.StopPosition;[T] Stacker.StopPosition;[T] Stacker.StopPosition;[T] Stacker.StopPosition;
g_RCfg.Stacker.JenWayDestination;60;0;[T] Stacker.JenWayDestination;[T] Stacker.JenWayDestination;[T] Stacker.JenWayDestination;[T] Stacker.JenWayDestination;[T] Stacker.JenWayDestination;[T] Stacker.JenWayDestination;[T] Stacker.JenWayDestination;[T] Stacker.JenWayDestination;[T] Stacker.JenWayDestination;[T] Stacker.JenWayDestination;[T] Stacker.JenWayDestination;[T] Stacker.JenWayDestination;[T] Stacker.JenWayDestination;[T] Stacker.JenWayDestination;[T] Stacker.JenWayDestination;[T] Stacker.JenWayDestination;[T] Stacker.JenWayDestination;[T] Stacker.JenWayDestination;[T] Stacker.JenWayDestination;
g_RCfg.Outlet.NumberOfProducts;61;0;[T] Outlet.NumberOfProducts;[T] Outlet.NumberOfProducts;[T] Outlet.NumberOfProducts;[T] Outlet.NumberOfProducts;[T] Outlet.NumberOfProducts;[T] Outlet.NumberOfProducts;[T] Outlet.NumberOfProducts;[T] Outlet.NumberOfProducts;[T] Outlet.NumberOfProducts;[T] Outlet.NumberOfProducts;[T] Outlet.NumberOfProducts;[T] Outlet.NumberOfProducts;[T] Outlet.NumberOfProducts;[T] Outlet.NumberOfProducts;[T] Outlet.NumberOfProducts;[T] Outlet.NumberOfProducts;[T] Outlet.NumberOfProducts;[T] Outlet.NumberOfProducts;[T] Outlet.NumberOfProducts;
g_RCfg.Outlet.Mode;62;0;[T] Outlet.Mode;[T] Outlet.Mode;[T] Outlet.Mode;[T] Outlet.Mode;[T] Outlet.Mode;[T] Outlet.Mode;[T] Outlet.Mode;[T] Outlet.Mode;[T] Outlet.Mode;[T] Outlet.Mode;[T] Outlet.Mode;[T] Outlet.Mode;[T] Outlet.Mode;[T] Outlet.Mode;[T] Outlet.Mode;[T] Outlet.Mode;[T] Outlet.Mode;[T] Outlet.Mode;[T] Outlet.Mode;
g_RCfg.Outlet.FullIndexingTime;63;0;[T] Outlet.FullIndexingTime;[T] Outlet.FullIndexingTime;[T] Outlet.FullIndexingTime;[T] Outlet.FullIndexingTime;[T] Outlet.FullIndexingTime;[T] Outlet.FullIndexingTime;[T] Outlet.FullIndexingTime;[T] Outlet.FullIndexingTime;[T] Outlet.FullIndexingTime;[T] Outlet.FullIndexingTime;[T] Outlet.FullIndexingTime;[T] Outlet.FullIndexingTime;[T] Outlet.FullIndexingTime;[T] Outlet.FullIndexingTime;[T] Outlet.FullIndexingTime;[T] Outlet.FullIndexingTime;[T] Outlet.FullIndexingTime;[T] Outlet.FullIndexingTime;[T] Outlet.FullIndexingTime;
g_RCfg.Outlet.DelayRollOffOut;64;0;[T] Outlet.DelayRollOffOut;[T] Outlet.DelayRollOffOut;[T] Outlet.DelayRollOffOut;[T] Outlet.DelayRollOffOut;[T] Outlet.DelayRollOffOut;[T] Outlet.DelayRollOffOut;[T] Outlet.DelayRollOffOut;[T] Outlet.DelayRollOffOut;[T] Outlet.DelayRollOffOut;[T] Outlet.DelayRollOffOut;[T] Outlet.DelayRollOffOut;[T] Outlet.DelayRollOffOut;[T] Outlet.DelayRollOffOut;[T] Outlet.DelayRollOffOut;[T] Outlet.DelayRollOffOut;[T] Outlet.DelayRollOffOut;[T] Outlet.DelayRollOffOut;[T] Outlet.DelayRollOffOut;[T] Outlet.DelayRollOffOut;
g_RCfg.Delivery.ConveyorTime;65;0;[T] Delivery.ConveyorTime;[T] Delivery.ConveyorTime;[T] Delivery.ConveyorTime;[T] Delivery.ConveyorTime;[T] Delivery.ConveyorTime;[T] Delivery.ConveyorTime;[T] Delivery.ConveyorTime;[T] Delivery.ConveyorTime;[T] Delivery.ConveyorTime;[T] Delivery.ConveyorTime;[T] Delivery.ConveyorTime;[T] Delivery.ConveyorTime;[T] Delivery.ConveyorTime;[T] Delivery.ConveyorTime;[T] Delivery.ConveyorTime;[T] Delivery.ConveyorTime;[T] Delivery.ConveyorTime;[T] Delivery.ConveyorTime;[T] Delivery.ConveyorTime;
g_RCfg.FactorySettingsUpdate;66;0;[T] FactorySettingsUpdate;[T] FactorySettingsUpdate;[T] FactorySettingsUpdate;[T] FactorySettingsUpdate;[T] FactorySettingsUpdate;[T] FactorySettingsUpdate;[T] FactorySettingsUpdate;[T] FactorySettingsUpdate;[T] FactorySettingsUpdate;[T] FactorySettingsUpdate;[T] FactorySettingsUpdate;[T] FactorySettingsUpdate;[T] FactorySettingsUpdate;[T] FactorySettingsUpdate;[T] FactorySettingsUpdate;[T] FactorySettingsUpdate;[T] FactorySettingsUpdate;[T] FactorySettingsUpdate;[T] FactorySettingsUpdate;
g_RCfg.Accum.AccumSTFRestartTimeDelay;67;0;[T] Accum.AccumSTFRestartTimeDelay;[T] Accum.AccumSTFRestartTimeDelay;[T] Accum.AccumSTFRestartTimeDelay;[T] Accum.AccumSTFRestartTimeDelay;[T] Accum.AccumSTFRestartTimeDelay;[T] Accum.AccumSTFRestartTimeDelay;[T] Accum.AccumSTFRestartTimeDelay;[T] Accum.AccumSTFRestartTimeDelay;[T] Accum.AccumSTFRestartTimeDelay;[T] Accum.AccumSTFRestartTimeDelay;[T] Accum.AccumSTFRestartTimeDelay;[T] Accum.AccumSTFRestartTimeDelay;[T] Accum.AccumSTFRestartTimeDelay;[T] Accum.AccumSTFRestartTimeDelay;[T] Accum.AccumSTFRestartTimeDelay;[T] Accum.AccumSTFRestartTimeDelay;[T] Accum.AccumSTFRestartTimeDelay;[T] Accum.AccumSTFRestartTimeDelay;[T] Accum.AccumSTFRestartTimeDelay;
g_RCfg.Accum.AccumProxFarNearTimeout;68;0;[T] Accum.AccumProxFarNearTimeout;[T] Accum.AccumProxFarNearTimeout;[T] Accum.AccumProxFarNearTimeout;[T] Accum.AccumProxFarNearTimeout;[T] Accum.AccumProxFarNearTimeout;[T] Accum.AccumProxFarNearTimeout;[T] Accum.AccumProxFarNearTimeout;[T] Accum.AccumProxFarNearTimeout;[T] Accum.AccumProxFarNearTimeout;[T] Accum.AccumProxFarNearTimeout;[T] Accum.AccumProxFarNearTimeout;[T] Accum.AccumProxFarNearTimeout;[T] Accum.AccumProxFarNearTimeout;[T] Accum.AccumProxFarNearTimeout;[T] Accum.AccumProxFarNearTimeout;[T] Accum.AccumProxFarNearTimeout;[T] Accum.AccumProxFarNearTimeout;[T] Accum.AccumProxFarNearTimeout;[T] Accum.AccumProxFarNearTimeout;
g_RCfg.XtremeHeavy.FXtremeGap;69;0;[F] XtremeHeavy.FXtremeGap;[F] XtremeHeavy.FXtremeGap;[F] XtremeHeavy.FXtremeGap;[F] XtremeHeavy.FXtremeGap;[F] XtremeHeavy.FXtremeGap;[F] XtremeHeavy.FXtremeGap;[F] XtremeHeavy.FXtremeGap;[F] XtremeHeavy.FXtremeGap;[F] XtremeHeavy.FXtremeGap;[F] XtremeHeavy.FXtremeGap;[F] XtremeHeavy.FXtremeGap;[F] XtremeHeavy.FXtremeGap;[F] XtremeHeavy.FXtremeGap;[F] XtremeHeavy.FXtremeGap;[F] XtremeHeavy.FXtremeGap;[F] XtremeHeavy.FXtremeGap;[F] XtremeHeavy.FXtremeGap;[F] XtremeHeavy.FXtremeGap;[F] XtremeHeavy.FXtremeGap;
g_RCfg.XtremeHeavy.FRaiseStackerBelt;70;0;[F] XtremeHeavy.FRaiseStackerBelt;[F] XtremeHeavy.FRaiseStackerBelt;[F] XtremeHeavy.FRaiseStackerBelt;[F] XtremeHeavy.FRaiseStackerBelt;[F] XtremeHeavy.FRaiseStackerBelt;[F] XtremeHeavy.FRaiseStackerBelt;[F] XtremeHeavy.FRaiseStackerBelt;[F] XtremeHeavy.FRaiseStackerBelt;[F] XtremeHeavy.FRaiseStackerBelt;[F] XtremeHeavy.FRaiseStackerBelt;[F] XtremeHeavy.FRaiseStackerBelt;[F] XtremeHeavy.FRaiseStackerBelt;[F] XtremeHeavy.FRaiseStackerBelt;[F] XtremeHeavy.FRaiseStackerBelt;[F] XtremeHeavy.FRaiseStackerBelt;[F] XtremeHeavy.FRaiseStackerBelt;[F] XtremeHeavy.FRaiseStackerBelt;[F] XtremeHeavy.FRaiseStackerBelt;[F] XtremeHeavy.FRaiseStackerBelt;
g_RCfg.XtremeHeavy.FSlackStackerBelt;71;0;[F] XtremeHeavy.FSlackStackerBelt;[F] XtremeHeavy.FSlackStackerBelt;[F] XtremeHeavy.FSlackStackerBelt;[F] XtremeHeavy.FSlackStackerBelt;[F] XtremeHeavy.FSlackStackerBelt;[F] XtremeHeavy.FSlackStackerBelt;[F] XtremeHeavy.FSlackStackerBelt;[F] XtremeHeavy.FSlackStackerBelt;[F] XtremeHeavy.FSlackStackerBelt;[F] XtremeHeavy.FSlackStackerBelt;[F] XtremeHeavy.FSlackStackerBelt;[F] XtremeHeavy.FSlackStackerBelt;[F] XtremeHeavy.FSlackStackerBelt;[F] XtremeHeavy.FSlackStackerBelt;[F] XtremeHeavy.FSlackStackerBelt;[F] XtremeHeavy.FSlackStackerBelt;[F] XtremeHeavy.FSlackStackerBelt;[F] XtremeHeavy.FSlackStackerBelt;[F] XtremeHeavy.FSlackStackerBelt;
g_RCfg.XtremeHeavy.FRaiseTiltConv;72;0;[F] XtremeHeavy.FRaiseTiltConv;[F] XtremeHeavy.FRaiseTiltConv;[F] XtremeHeavy.FRaiseTiltConv;[F] XtremeHeavy.FRaiseTiltConv;[F] XtremeHeavy.FRaiseTiltConv;[F] XtremeHeavy.FRaiseTiltConv;[F] XtremeHeavy.FRaiseTiltConv;[F] XtremeHeavy.FRaiseTiltConv;[F] XtremeHeavy.FRaiseTiltConv;[F] XtremeHeavy.FRaiseTiltConv;[F] XtremeHeavy.FRaiseTiltConv;[F] XtremeHeavy.FRaiseTiltConv;[F] XtremeHeavy.FRaiseTiltConv;[F] XtremeHeavy.FRaiseTiltConv;[F] XtremeHeavy.FRaiseTiltConv;[F] XtremeHeavy.FRaiseTiltConv;[F] XtremeHeavy.FRaiseTiltConv;[F] XtremeHeavy.FRaiseTiltConv;[F] XtremeHeavy.FRaiseTiltConv;
g_RCfg.DuoInlet.DelayStartInlet;73;0;[T] DuoInlet.DelayStartInlet;[T] DuoInlet.DelayStartInlet;[T] DuoInlet.DelayStartInlet;[T] DuoInlet.DelayStartInlet;[T] DuoInlet.DelayStartInlet;[T] DuoInlet.DelayStartInlet;[T] DuoInlet.DelayStartInlet;[T] DuoInlet.DelayStartInlet;[T] DuoInlet.DelayStartInlet;[T] DuoInlet.DelayStartInlet;[T] DuoInlet.DelayStartInlet;[T] DuoInlet.DelayStartInlet;[T] DuoInlet.DelayStartInlet;[T] DuoInlet.DelayStartInlet;[T] DuoInlet.DelayStartInlet;[T] DuoInlet.DelayStartInlet;[T] DuoInlet.DelayStartInlet;[T] DuoInlet.DelayStartInlet;[T] DuoInlet.DelayStartInlet;
g_RCfg.DuoInlet.StackerSelection[0];74;0;[T] DuoInlet.StackerSelection[0];[T] DuoInlet.StackerSelection[0];[T] DuoInlet.StackerSelection[0];[T] DuoInlet.StackerSelection[0];[T] DuoInlet.StackerSelection[0];[T] DuoInlet.StackerSelection[0];[T] DuoInlet.StackerSelection[0];[T] DuoInlet.StackerSelection[0];[T] DuoInlet.StackerSelection[0];[T] DuoInlet.StackerSelection[0];[T] DuoInlet.StackerSelection[0];[T] DuoInlet.StackerSelection[0];[T] DuoInlet.StackerSelection[0];[T] DuoInlet.StackerSelection[0];[T] DuoInlet.StackerSelection[0];[T] DuoInlet.StackerSelection[0];[T] DuoInlet.StackerSelection[0];[T] DuoInlet.StackerSelection[0];[T] DuoInlet.StackerSelection[0];
g_RCfg.DuoInlet.StackerSelection[1];75;0;[T] DuoInlet.StackerSelection[1];[T] DuoInlet.StackerSelection[1];[T] DuoInlet.StackerSelection[1];[T] DuoInlet.StackerSelection[1];[T] DuoInlet.StackerSelection[1];[T] DuoInlet.StackerSelection[1];[T] DuoInlet.StackerSelection[1];[T] DuoInlet.StackerSelection[1];[T] DuoInlet.StackerSelection[1];[T] DuoInlet.StackerSelection[1];[T] DuoInlet.StackerSelection[1];[T] DuoInlet.StackerSelection[1];[T] DuoInlet.StackerSelection[1];[T] DuoInlet.StackerSelection[1];[T] DuoInlet.StackerSelection[1];[T] DuoInlet.StackerSelection[1];[T] DuoInlet.StackerSelection[1];[T] DuoInlet.StackerSelection[1];[T] DuoInlet.StackerSelection[1];
g_RCfg.DuoInlet.StackerSelection[2];76;0;[T] DuoInlet.StackerSelection[2];[T] DuoInlet.StackerSelection[2];[T] DuoInlet.StackerSelection[2];[T] DuoInlet.StackerSelection[2];[T] DuoInlet.StackerSelection[2];[T] DuoInlet.StackerSelection[2];[T] DuoInlet.StackerSelection[2];[T] DuoInlet.StackerSelection[2];[T] DuoInlet.StackerSelection[2];[T] DuoInlet.StackerSelection[2];[T] DuoInlet.StackerSelection[2];[T] DuoInlet.StackerSelection[2];[T] DuoInlet.StackerSelection[2];[T] DuoInlet.StackerSelection[2];[T] DuoInlet.StackerSelection[2];[T] DuoInlet.StackerSelection[2];[T] DuoInlet.StackerSelection[2];[T] DuoInlet.StackerSelection[2];[T] DuoInlet.StackerSelection[2];
g_RCfg.DuoInlet.StackerSelection[3];77;0;[T] DuoInlet.StackerSelection[3];[T] DuoInlet.StackerSelection[3];[T] DuoInlet.StackerSelection[3];[T] DuoInlet.StackerSelection[3];[T] DuoInlet.StackerSelection[3];[T] DuoInlet.StackerSelection[3];[T] DuoInlet.StackerSelection[3];[T] DuoInlet.StackerSelection[3];[T] DuoInlet.StackerSelection[3];[T] DuoInlet.StackerSelection[3];[T] DuoInlet.StackerSelection[3];[T] DuoInlet.StackerSelection[3];[T] DuoInlet.StackerSelection[3];[T] DuoInlet.StackerSelection[3];[T] DuoInlet.StackerSelection[3];[T] DuoInlet.StackerSelection[3];[T] DuoInlet.StackerSelection[3];[T] DuoInlet.StackerSelection[3];[T] DuoInlet.StackerSelection[3];
g_RCfg.DuoInlet.WidthFirst[0];78;0;[T] DuoInlet.WidthFirst[0];[T] DuoInlet.WidthFirst[0];[T] DuoInlet.WidthFirst[0];[T] DuoInlet.WidthFirst[0];[T] DuoInlet.WidthFirst[0];[T] DuoInlet.WidthFirst[0];[T] DuoInlet.WidthFirst[0];[T] DuoInlet.WidthFirst[0];[T] DuoInlet.WidthFirst[0];[T] DuoInlet.WidthFirst[0];[T] DuoInlet.WidthFirst[0];[T] DuoInlet.WidthFirst[0];[T] DuoInlet.WidthFirst[0];[T] DuoInlet.WidthFirst[0];[T] DuoInlet.WidthFirst[0];[T] DuoInlet.WidthFirst[0];[T] DuoInlet.WidthFirst[0];[T] DuoInlet.WidthFirst[0];[T] DuoInlet.WidthFirst[0];
g_RCfg.DuoInlet.WidthFirst[1];79;0;[T] DuoInlet.WidthFirst[1];[T] DuoInlet.WidthFirst[1];[T] DuoInlet.WidthFirst[1];[T] DuoInlet.WidthFirst[1];[T] DuoInlet.WidthFirst[1];[T] DuoInlet.WidthFirst[1];[T] DuoInlet.WidthFirst[1];[T] DuoInlet.WidthFirst[1];[T] DuoInlet.WidthFirst[1];[T] DuoInlet.WidthFirst[1];[T] DuoInlet.WidthFirst[1];[T] DuoInlet.WidthFirst[1];[T] DuoInlet.WidthFirst[1];[T] DuoInlet.WidthFirst[1];[T] DuoInlet.WidthFirst[1];[T] DuoInlet.WidthFirst[1];[T] DuoInlet.WidthFirst[1];[T] DuoInlet.WidthFirst[1];[T] DuoInlet.WidthFirst[1];
g_RCfg.DuoInlet.WidthFirst[2];80;0;[T] DuoInlet.WidthFirst[2];[T] DuoInlet.WidthFirst[2];[T] DuoInlet.WidthFirst[2];[T] DuoInlet.WidthFirst[2];[T] DuoInlet.WidthFirst[2];[T] DuoInlet.WidthFirst[2];[T] DuoInlet.WidthFirst[2];[T] DuoInlet.WidthFirst[2];[T] DuoInlet.WidthFirst[2];[T] DuoInlet.WidthFirst[2];[T] DuoInlet.WidthFirst[2];[T] DuoInlet.WidthFirst[2];[T] DuoInlet.WidthFirst[2];[T] DuoInlet.WidthFirst[2];[T] DuoInlet.WidthFirst[2];[T] DuoInlet.WidthFirst[2];[T] DuoInlet.WidthFirst[2];[T] DuoInlet.WidthFirst[2];[T] DuoInlet.WidthFirst[2];
g_RCfg.DuoInlet.WidthLast[0];81;0;[T] DuoInlet.WidthLast[0];[T] DuoInlet.WidthLast[0];[T] DuoInlet.WidthLast[0];[T] DuoInlet.WidthLast[0];[T] DuoInlet.WidthLast[0];[T] DuoInlet.WidthLast[0];[T] DuoInlet.WidthLast[0];[T] DuoInlet.WidthLast[0];[T] DuoInlet.WidthLast[0];[T] DuoInlet.WidthLast[0];[T] DuoInlet.WidthLast[0];[T] DuoInlet.WidthLast[0];[T] DuoInlet.WidthLast[0];[T] DuoInlet.WidthLast[0];[T] DuoInlet.WidthLast[0];[T] DuoInlet.WidthLast[0];[T] DuoInlet.WidthLast[0];[T] DuoInlet.WidthLast[0];[T] DuoInlet.WidthLast[0];
g_RCfg.DuoInlet.WidthLast[1];82;0;[T] DuoInlet.WidthLast[1];[T] DuoInlet.WidthLast[1];[T] DuoInlet.WidthLast[1];[T] DuoInlet.WidthLast[1];[T] DuoInlet.WidthLast[1];[T] DuoInlet.WidthLast[1];[T] DuoInlet.WidthLast[1];[T] DuoInlet.WidthLast[1];[T] DuoInlet.WidthLast[1];[T] DuoInlet.WidthLast[1];[T] DuoInlet.WidthLast[1];[T] DuoInlet.WidthLast[1];[T] DuoInlet.WidthLast[1];[T] DuoInlet.WidthLast[1];[T] DuoInlet.WidthLast[1];[T] DuoInlet.WidthLast[1];[T] DuoInlet.WidthLast[1];[T] DuoInlet.WidthLast[1];[T] DuoInlet.WidthLast[1];
g_RCfg.DuoInlet.WidthLast[2];83;0;[T] DuoInlet.WidthLast[2];[T] DuoInlet.WidthLast[2];[T] DuoInlet.WidthLast[2];[T] DuoInlet.WidthLast[2];[T] DuoInlet.WidthLast[2];[T] DuoInlet.WidthLast[2];[T] DuoInlet.WidthLast[2];[T] DuoInlet.WidthLast[2];[T] DuoInlet.WidthLast[2];[T] DuoInlet.WidthLast[2];[T] DuoInlet.WidthLast[2];[T] DuoInlet.WidthLast[2];[T] DuoInlet.WidthLast[2];[T] DuoInlet.WidthLast[2];[T] DuoInlet.WidthLast[2];[T] DuoInlet.WidthLast[2];[T] DuoInlet.WidthLast[2];[T] DuoInlet.WidthLast[2];[T] DuoInlet.WidthLast[2];
